-- phpMyAdmin SQL Dump
-- version 4.6.5.2
-- https://www.phpmyadmin.net/
--
-- Host: 127.0.0.1
-- Generation Time: Jul 26, 2018 at 11:47 AM
-- Server version: 10.1.21-MariaDB
-- PHP Version: 5.6.30

SET SQL_MODE = "NO_AUTO_VALUE_ON_ZERO";
SET time_zone = "+00:00";


/*!40101 SET @OLD_CHARACTER_SET_CLIENT=@@CHARACTER_SET_CLIENT */;
/*!40101 SET @OLD_CHARACTER_SET_RESULTS=@@CHARACTER_SET_RESULTS */;
/*!40101 SET @OLD_COLLATION_CONNECTION=@@COLLATION_CONNECTION */;
/*!40101 SET NAMES utf8mb4 */;

--
-- Database: `db_newzeno`
--

-- --------------------------------------------------------

--
-- Table structure for table `admin`
--

CREATE TABLE `admin` (
  `adminId` int(11) NOT NULL,
  `adminUsername` varchar(50) NOT NULL,
  `adminPassword` varchar(50) NOT NULL,
  `adminPosition` int(11) NOT NULL,
  `adminStatus` int(11) NOT NULL DEFAULT '1',
  `profileId` int(11) NOT NULL
) ENGINE=InnoDB DEFAULT CHARSET=utf8 ROW_FORMAT=COMPACT;

--
-- Dumping data for table `admin`
--

INSERT INTO `admin` (`adminId`, `adminUsername`, `adminPassword`, `adminPosition`, `adminStatus`, `profileId`) VALUES
(1, 'admin', '21232f297a57a5a743894a0e4a801fc3', 1, 1, 1),
(2, 'kaiixtongz', '6ce5ffdd9b901df6732b6f1494233a63', 1, 1, 2),
(3, 'test', '098f6bcd4621d373cade4e832627b4f6', 4, 1, 3);

-- --------------------------------------------------------

--
-- Table structure for table `agent`
--

CREATE TABLE `agent` (
  `agentId` int(11) NOT NULL,
  `agentCompany` varchar(50) NOT NULL,
  `agentName` varchar(50) NOT NULL,
  `agentPhone` varchar(20) NOT NULL,
  `agentEmail` varchar(50) NOT NULL,
  `agentWebsite` varchar(50) NOT NULL,
  `agentAddress` longtext NOT NULL,
  `agentStatus` int(11) NOT NULL DEFAULT '1'
) ENGINE=InnoDB DEFAULT CHARSET=utf8;

--
-- Dumping data for table `agent`
--

INSERT INTO `agent` (`agentId`, `agentCompany`, `agentName`, `agentPhone`, `agentEmail`, `agentWebsite`, `agentAddress`, `agentStatus`) VALUES
(1, 'ทดสอบ', 'ทดสอบ', 'ทดสอบ', 'fasdfasdf@hotmail.com', 'ทดสอบ', 'ทดสอบ', 2),
(2, 'Newzeno (ประเทศไทย) จำกัด', 'พี่ป๊อป', '0993254289', 'newzeno@yahoo.com', 'www.newzeno.com', '<p>ไม่บอกกกกกกกกก</p>', 1);

-- --------------------------------------------------------

--
-- Table structure for table `brand`
--

CREATE TABLE `brand` (
  `brandId` int(11) NOT NULL,
  `brandName` varchar(50) NOT NULL,
  `brandImg` varchar(50) NOT NULL,
  `brandStatus` int(11) NOT NULL DEFAULT '1'
) ENGINE=InnoDB DEFAULT CHARSET=utf8;

--
-- Dumping data for table `brand`
--

INSERT INTO `brand` (`brandId`, `brandName`, `brandImg`, `brandStatus`) VALUES
(1, 'LG (Life Good)', 'LG-Logo.png', 1),
(2, 'Hitachi', 'Hitachi-Logo.png', 1),
(3, 'Sharpaaa', 'Sharp-logo.jpg', 1),
(4, 'Sony', 'sony-logo.png', 1);

-- --------------------------------------------------------

--
-- Table structure for table `category`
--

CREATE TABLE `category` (
  `cateId` int(11) NOT NULL,
  `cateName` varchar(50) NOT NULL,
  `cateImg` varchar(50) NOT NULL DEFAULT 'icon_null.png',
  `categroupId` int(11) NOT NULL,
  `cateStatus` int(11) NOT NULL DEFAULT '1'
) ENGINE=InnoDB DEFAULT CHARSET=utf8;

--
-- Dumping data for table `category`
--

INSERT INTO `category` (`cateId`, `cateName`, `cateImg`, `categroupId`, `cateStatus`) VALUES
(1, 'Video Wall', 'icon_null.png', 1, 1),
(2, 'Digital Signage', '20180703052928.jpg', 1, 2),
(4, 'Projector', '20180703061311.jpg', 1, 2),
(6, 'Test', 'noImg.png', 1, 2),
(7, 'Kaiixtongz', 'noImg.png', 1, 2),
(8, 'แว่นตา่่่่่asdsd', '20180703075134.png', 1, 2),
(9, 'Standard', 'icon_null.png', 1, 1),
(12, 'Ultra Stretch', 'icon_null.png', 1, 1),
(13, 'High Brightness', 'icon_null.png', 1, 1),
(14, 'Interactive', 'icon_null.png', 1, 1),
(15, 'Interactive', 'noImg.png', 1, 2),
(16, 'Mirror', 'icon_null.png', 1, 1),
(17, 'Hotel Tv', 'icon_null.png', 2, 1),
(18, 'Tv Signage', 'icon_null.png', 2, 1),
(19, 'Special', 'icon_null.png', 2, 1),
(20, 'In-Glass Wallpaper', 'icon_null.png', 4, 1),
(21, 'Wallpaper', 'icon_null.png', 4, 1),
(22, 'Open Frame', 'icon_null.png', 4, 1),
(23, 'InDoor', 'icon_null.png', 5, 1),
(24, 'OutDoor', 'icon_null.png', 5, 1),
(25, 'DLP Projector', 'icon_null.png', 6, 1),
(26, 'LCD Projector', 'icon_null.png', 6, 1),
(27, 'LED Projector', 'icon_null.png', 6, 1),
(28, 'Laser Projector', 'icon_null.png', 6, 1),
(29, 'Extender', 'icon_null.png', 8, 1),
(30, 'Spliter', 'icon_null.png', 8, 1),
(31, 'Switcher', 'icon_null.png', 8, 1),
(32, 'Switcher', 'noImg.png', 8, 2),
(33, 'สายสัญญาณภาพ', 'icon_null.png', 9, 1),
(34, 'สายสัญญาณเสียง', 'icon_null.png', 9, 1),
(35, 'สายคอลโทล', 'icon_null.png', 9, 1),
(36, 'LAN', 'noImg.png', 9, 2),
(37, 'Audio', 'noImg.png', 9, 2),
(38, 'Control', 'noImg.png', 9, 2),
(39, 'แขวนเพดาน', 'icon_null.png', 11, 1),
(40, 'แขวนผนัง', 'icon_null.png', 11, 1),
(41, 'ตั้งโต๊ะ', 'icon_null.png', 11, 1),
(42, 'ตั้งพื้น', 'icon_null.png', 11, 1);

-- --------------------------------------------------------

--
-- Table structure for table `categroup`
--

CREATE TABLE `categroup` (
  `categroupId` int(11) NOT NULL,
  `categroupName` varchar(50) NOT NULL,
  `categroupStatus` int(11) NOT NULL DEFAULT '1'
) ENGINE=InnoDB DEFAULT CHARSET=utf8;

--
-- Dumping data for table `categroup`
--

INSERT INTO `categroup` (`categroupId`, `categroupName`, `categroupStatus`) VALUES
(1, 'Digital Signage', 2),
(2, 'Commercial Tv', 1),
(3, 'Commercial Tv', 2),
(4, 'OLED Signage', 2),
(5, 'LED Signage', 1),
(6, 'Projector', 1),
(7, 'Projector', 2),
(8, 'Accessories', 2),
(9, 'Cable', 2),
(10, 'Cable', 2),
(11, 'Wall Mount', 2);

-- --------------------------------------------------------

--
-- Table structure for table `config`
--

CREATE TABLE `config` (
  `configId` int(11) NOT NULL,
  `configName` varchar(50) NOT NULL,
  `configTextarea` longtext NOT NULL
) ENGINE=InnoDB DEFAULT CHARSET=utf8;

--
-- Dumping data for table `config`
--

INSERT INTO `config` (`configId`, `configName`, `configTextarea`) VALUES
(1, 'ทั่วไป', '<p><b>ทั่วไปนะจ๊ะ</b></p>'),
(2, 'บริการ', '<p>บริการนะจ๊ะ</p>'),
(3, 'วิธีการชำระเงิน', '<p>การชำระเงินนะจ๊ะ</p>'),
(4, 'ติดต่อเรา', '<p>ติดต่อเรานะจ๊ะ</p>');

-- --------------------------------------------------------

--
-- Table structure for table `doc`
--

CREATE TABLE `doc` (
  `docId` int(11) NOT NULL,
  `docName` varchar(50) NOT NULL,
  `docFilename` varchar(50) NOT NULL,
  `docProductid` int(11) NOT NULL,
  `docStatus` int(11) NOT NULL DEFAULT '1'
) ENGINE=InnoDB DEFAULT CHARSET=utf8;

--
-- Dumping data for table `doc`
--

INSERT INTO `doc` (`docId`, `docName`, `docFilename`, `docProductid`, `docStatus`) VALUES
(2, 'jPORTFOLIO.pdf', 'D201807240608090.pdf', 7, 1),
(3, 'บรรณานุกรม.pdf', 'D201807240609070.pdf', 7, 1),
(4, 'วิธีการติดตั้ง.pdf', 'D201807240609071.pdf', 7, 1);

-- --------------------------------------------------------

--
-- Table structure for table `document`
--

CREATE TABLE `document` (
  `documentId` int(11) NOT NULL,
  `documentName` varchar(50) NOT NULL,
  `documentProductid` int(11) NOT NULL,
  `documentStatus` int(11) NOT NULL DEFAULT '1'
) ENGINE=InnoDB DEFAULT CHARSET=utf8;

-- --------------------------------------------------------

--
-- Table structure for table `news`
--

CREATE TABLE `news` (
  `newsId` int(11) NOT NULL,
  `newsTitle` text NOT NULL,
  `newsImage` varchar(50) NOT NULL DEFAULT 'noImg.png',
  `newsSubtitle` text NOT NULL,
  `newsDetail` longtext NOT NULL,
  `newsStatus` varchar(5) NOT NULL DEFAULT '1'
) ENGINE=InnoDB DEFAULT CHARSET=utf8;

--
-- Dumping data for table `news`
--

INSERT INTO `news` (`newsId`, `newsTitle`, `newsImage`, `newsSubtitle`, `newsDetail`, `newsStatus`) VALUES
(1, 'Chrome เวอร์ชั่นใหม่ ยกระดับความปลอดภัย ติดป้าย Not Secure เตือนเวลาท่องเว็บ HTTP', '20180726055234.jpg', 'Google ยังคงมุ่นมั่นทำตามสัญญาที่ให้ไว้เมื่อ 2 ปีก่อนว่าจะทำให้อินเทอร์เน็ตปลอดภัยจากเว็บไซต์ที่ไม่ได้เข้ารหัส (HTTP) นับตั้งแต่เริ่มปล่อย Chrome 56 เมื่อปี 2016 เพื่อแจ้งเตือนเว็บไซต์ที่เป็น HTTP ว่าไม่ปลอดภัย', '<div style=\"text-align: center; clear: both; padding: 0px; border-top: 1px solid rgb(204, 204, 204); border-right: 1px solid rgb(204, 204, 204); border-left: 1px solid rgb(204, 204, 204); border-image: initial; border-bottom: none;\"><span itemprop=\"image\" itemscope=\"\" itemtype=\"https://schema.org/ImageObject\" style=\"\"><img src=\"https://news.thaiware.com/upload_misc/news/2018_07/728x409/14087_18072514145481.jpg\" alt=\"Chrome เวอร์ชั่นใหม่ ยกระดับความปลอดภัย ติดป้าย Not Secure เตือนเวลาท่องเว็บ HTTP\" style=\"min-height: 150px; max-height: 409px; overflow: hidden; width: 723px;\"></span></div><div style=\"border-right: 1px solid rgb(204, 204, 204); border-bottom: 1px solid rgb(204, 204, 204); border-left: 1px solid rgb(204, 204, 204); border-image: initial; padding: 10px; border-top: none; line-height: normal;\"><div class=\"detail\" style=\"line-height: 1.5; word-wrap: break-word;\"><p style=\"color: rgb(51, 51, 51); font-family: Tahoma;\">Google ยังคงมุ่นมั่นทำตามสัญญาที่ให้ไว้เมื่อ 2 ปีก่อนว่าจะทำให้อินเทอร์เน็ตปลอดภัยจากเว็บไซต์ที่ไม่ได้เข้ารหัส (HTTP) นับตั้งแต่เริ่มปล่อย Chrome 56 เมื่อปี 2016 เพื่อแจ้งเตือนเว็บไซต์ที่เป็น HTTP ว่าไม่ปลอดภัย</p><p style=\"color: rgb(51, 51, 51); font-family: Tahoma; text-align: center;\"><img alt=\"Chrome เวอร์ชั่นใหม่ ยกระดับความปลอดภัย ติดป้าย Not Secure เตือนเวลาท่องเว็บ HTTP\" src=\"https://news.thaiware.com/upload_misc/news/2018_07/728/14087_18072511195388_252920.png\" title=\"Chrome เวอร์ชั่นใหม่ ยกระดับความปลอดภัย ติดป้าย Not Secure เตือนเวลาท่องเว็บ HTTP\" style=\"border-width: 1px; border-style: solid; max-width: 95%;\"></p><p style=\"color: rgb(51, 51, 51); font-family: Tahoma;\">โดย Google ยกระดับการแจ้งเตือนในเวอร์ชั่นล่าสุด (Chrome 68) ด้วยการขึ้นข้อความหรือติดป้ายตรงแถบ URL สำหรับเว็บไซต์ที่เป็น HTTP ทั้งหมดว่า \"Not Secure\"(ไม่ปลอดภัย) เวลาที่ผู้ใช้งานเข้าหน้าเว็บไซต์ที่ไม่ได้เข้ารหัส และเมื่อคลิกเข้าไปตรงข้อความหรือป้ายเตือนดังกล่าวก็จะแสดงคำเตือนให้ผู้ใช้งานระมัดระวังในการป้อนข้อมูลที่ละเอียดอ่อนลงในหน้าเว็บไซต์เหล่านั้น อาทิ ข้อมูลส่วนตัว และข้อมูลบัตรเครดิต&nbsp;</p><p style=\"color: rgb(51, 51, 51); font-family: Tahoma;\">การติดป้ายแจ้งเตือนดังกล่าว ก็เพื่อต้องการให้นักพัฒนาของเว็บไซต์ต่างๆ เปลี่ยนมาใช้โปรโตคอล HTTPS ที่เพิ่มการเข้ารหัสระหว่างผู้ใช้งานกับเว็บไซต์ที่เยี่ยมชม ซึ่งการแจ้งเตือนนี้ไม่ได้หมายความว่าผู้ใช้งานอินเทอร์เน็ตถูกแฮกข้อมูลแต่อย่างใด&nbsp;</p><p style=\"color: rgb(51, 51, 51); font-family: Tahoma;\">ทั้งนี้ เว็บไซต์ที่ใช้ HTTPS จะมีความปลอดภัยมากกว่า เพราะนอกจากจะป้องกันการถูกโจมตีจากมัลแวร์แล้ว ก็ยังช่วยไม่ให้บริษัทต่างๆ นำข้อมูลของเราไปใช้ในการโฆษณา และยังป้องกันการขุดเหมืองเงินดิจิทัล (Cryptocurrency Mining) ด้วย&nbsp;</p><p style=\"color: rgb(51, 51, 51); font-family: Tahoma;\">สำหรับมาตรฐานการรักษาความปลอดภัยของ Google จะไม่ได้หยุดแค่เวอร์ชั่น Chrome 68 เท่านั้น โดยเวอร์ชั่นต่อไปที่จะปล่อยออกมาในเดือน ก.ย. นี้ เราจะได้เห็นข้อความสีเขียวที่เขียนว่า \"Secure\" (ปลอดภัย) ปรากฏอยู่ตรงแถบ Address bar เมื่อเข้าเว็บไซต์ HTTPS ด้วย จากเดิมที่สีสันไม่ค่อยสะดุดตานัก ขณะที่เวอร์ชั่น Chrome 70 ในเดือน ต.ค. จะเปลี่ยนสีข้อความแจ้งเตือน \"Not Secure\" เป็นสีแดงในเว็บไซต์ที่เป็น HTTP และในอนาคตเว็บไซต์ที่เข้ารหัส HTTPS จะไม่มีคำว่า \"Secure\" อีกต่อไป เพื่อเป็นการแสดงท่าทีให้เห็นว่า \"ความปลอดภัย\" ในการท่องอินเทอร์เน็ตควรจะยึดถือกันเป็นบรรทัดฐานหรือเป็นเรื่องปกติ</p></div></div>', '1'),
(2, 'ASIASOFT เปิดพร้อมเพย์ โอนง่าย จ่ายสะดวก แค่สแกน QR Code', '20180726052516.jpg', 'PLAYPARK.com ภายใต้บริษัท เอเชียซอฟท์ คอร์ปอเรชั่น จำกัด (มหาชน) ตอบรับเทรนด์ยุคสังคมไร้เงินสด ด้วยการเปิดช่องทางพร้อมเพย์ “SCB EASY PAY – แม่มณี Money Solution” เพื่อช่วยเพิ่มความสะดวก และรวดเร็วในการโอนเงิน สำหรับเพื่อนๆ ที่ต้องการซื้อ @Key รวมถึงบริการและสินค้าอื่นๆ โดยสามารถชำระเงินได้ด้วยระบบ QR Code Payment เหมือนการโอนผ่านเลขที่บัญชีแต่จะสะดวกขึ้น เพียงแค่าสแกนบาร์โค้ดก็สามารถโอนชำระเงินตรงเข้าบริษัทได้เลย', '<div style=\"color: rgb(51, 51, 51); font-family: \" helvetica=\"\" neue\",=\"\" helvetica,=\"\" roboto,=\"\" arial,=\"\" thonburi,=\"\" tahoma,=\"\" sans-serif;=\"\" font-size:=\"\" 16px;=\"\" text-align:=\"\" center;\"=\"\"><div style=\"text-align: center;\"><span style=\"font-weight: 700; color: rgb(0, 102, 255);\">ASIASOFT</span><span style=\"font-weight: 700;\">&nbsp;</span><span style=\"font-weight: 700; color: rgb(75, 0, 130);\">เปิดพร้อมเพย์&nbsp;</span></div><span style=\"font-size: 22px;\"><div style=\"text-align: center;\"><span style=\"font-size: 22px;\"><span style=\"color: rgb(75, 0, 130);\"><span style=\"font-weight: 700;\">โอนง่าย จ่ายสะดวก แค่สแกน&nbsp;</span></span></span><span style=\"font-weight: 700;\"><span style=\"color: rgb(75, 0, 130);\"><span style=\"font-size: 22px;\">QR Code</span></span></span></div></span><span style=\"font-weight: 700;\"><br><img alt=\"\" src=\"https://img.playpark.com/thpp/image001(3).jpg\" style=\"max-width: 100%; width: 660px; height: 345px;\"></span><br><br>&nbsp;</div><div style=\"color: rgb(51, 51, 51); font-family: \" helvetica=\"\" neue\",=\"\" helvetica,=\"\" roboto,=\"\" arial,=\"\" thonburi,=\"\" tahoma,=\"\" sans-serif;=\"\" font-size:=\"\" 16px;\"=\"\">&nbsp; &nbsp; &nbsp; &nbsp;PLAYPARK.com ภายใต้บริษัท เอเชียซอฟท์ คอร์ปอเรชั่น จำกัด (มหาชน) ตอบรับเทรนด์ยุคสังคมไร้เงินสด ด้วยการเปิดช่องทางพร้อมเพย์ “SCB EASY PAY – แม่มณี Money Solution” เพื่อช่วยเพิ่มความสะดวก และรวดเร็วในการโอนเงิน สำหรับเพื่อนๆ ที่ต้องการซื้อ @Key รวมถึงบริการและสินค้าอื่นๆ โดยสามารถชำระเงินได้ด้วยระบบ QR Code Payment เหมือนการโอนผ่านเลขที่บัญชีแต่จะสะดวกขึ้น เพียงแค่าสแกนบาร์โค้ดก็สามารถโอนชำระเงินตรงเข้าบริษัทได้เลย</div><div style=\"color: rgb(51, 51, 51); font-family: \" helvetica=\"\" neue\",=\"\" helvetica,=\"\" roboto,=\"\" arial,=\"\" thonburi,=\"\" tahoma,=\"\" sans-serif;=\"\" font-size:=\"\" 16px;=\"\" text-align:=\"\" center;\"=\"\"><br><div style=\"text-align: center;\"><img alt=\"\" src=\"https://img.playpark.com/thpp/image003(16).png\" style=\"max-width: 100%;\"></div><br><img alt=\"\" src=\"https://img.playpark.com/thpp/image005(16).png\" style=\"max-width: 100%; width: 488px; height: 387px;\"></div><div style=\"color: rgb(51, 51, 51); font-family: \" helvetica=\"\" neue\",=\"\" helvetica,=\"\" roboto,=\"\" arial,=\"\" thonburi,=\"\" tahoma,=\"\" sans-serif;=\"\" font-size:=\"\" 16px;\"=\"\"><br>&nbsp; &nbsp; &nbsp; &nbsp;หวังว่าจะเป็นอีกหนึ่งช่องทางการชำระเงินที่เพิ่มความสะดวกให้เพื่อนๆ โดยสามารถใช้งานได้แล้วตั้งแต่วันนี้เป็นต้นไป นอกจากนี้สามารถติดตามข่าวสารเพิ่มเติมได้ทางเว็บไซต์&nbsp;<a href=\"http://www.playpark.com/\" style=\"color: rgb(20, 168, 214); transition: all 250ms ease;\">http://www.playpark.com</a>&nbsp;และ Facebook&nbsp;<a href=\"https://www.facebook.com/PlayparkLive\" style=\"color: rgb(20, 168, 214); transition: all 250ms ease;\">https://www.facebook.com/PlayparkLive</a><br>&nbsp;<br>&nbsp;<br>WEBSITE ▶&nbsp;<a href=\"http://www.playpark.com/\" style=\"color: rgb(20, 168, 214); transition: all 250ms ease;\">http://www.playpark.com</a><br>FACEBOOK ▶&nbsp;<a href=\"https://www.facebook.com/PlayparkLive\" style=\"color: rgb(20, 168, 214); transition: all 250ms ease;\">https://www.facebook.com/PlayparkLive</a><br>YOUTUBE ▶&nbsp;<a href=\"https://www.youtube.com/user/PlayparkTV\" style=\"color: rgb(20, 168, 214); transition: all 250ms ease;\">https://www.youtube.com/user/PlayparkTV</a><br>LINE @PLAYPARK ▶&nbsp;<a href=\"http://bit.ly/Line-PP\" style=\"color: rgb(20, 168, 214); transition: all 250ms ease;\">http://bit.ly/Line-PP</a></div>', '1');
INSERT INTO `news` (`newsId`, `newsTitle`, `newsImage`, `newsSubtitle`, `newsDetail`, `newsStatus`) VALUES
(3, 'ข่าววงการไอทีจีนเดินหน้าพัฒนาศักยภาพเน้นผลิตจอ OLED ให้ Apple โดยเฉพาะ', '20180726094608.jpg', 'ปัจจุบันเป็นที่ทราบกันว่า Samsung นั้นถือเป็นซัพพลายเออร์หลักในการผลิตจอ OLED ให้กับทาง Apple อยู่แล้ว ทว่าล่าสุดสถานการณ์ในตลาดอาจถึงจุดเปลี่ยนสำคัญเมื่อมีรายงานจาก The Wall Street Journal', '<div class=\"mvp-post-soc-in\" style=\"margin: 0px 0px 0px 80px; padding: 0px; border: 0px; vertical-align: baseline;\"><div id=\"mvp-content-body\" class=\"left relative\" style=\"margin: 0px; padding: 0px; border: 0px; vertical-align: baseline; position: relative; float: left; width: 740px;\"><div id=\"mvp-content-body-top\" class=\"left\" relative\"=\"\" style=\"margin: 0px; padding: 0px; border: 0px; vertical-align: baseline; float: left; width: 740px; overflow: hidden;\"><div id=\"mvp-content-main\" class=\"left relative\" style=\"margin: 0px; padding: 0px; border: 0px; vertical-align: baseline; position: relative; float: left; width: 740px; line-height: 1.55;\"><p style=\"margin-bottom: 20px; padding: 0px; border: 0px; vertical-align: baseline; line-height: 1.55;\"><span style=\"font-family: Prompt;\"><br></span></p><p style=\"text-align: center; margin-bottom: 20px; padding: 0px; border: 0px; vertical-align: baseline; line-height: 1.55;\"><img src=\"data:image/jpeg;base64,/9j/4AAQSkZJRgABAQEASABIAAD/2wBDAAYEBAUEBAYFBQUGBgYHCQ4JCQgICRINDQoOFRIWFhUSFBQXGiEcFxgfGRQUHScdHyIjJSUlFhwpLCgkKyEkJST/2wBDAQYGBgkICREJCREkGBQYJCQkJCQkJCQkJCQkJCQkJCQkJCQkJCQkJCQkJCQkJCQkJCQkJCQkJCQkJCQkJCQkJCT/wgARCALuBdwDASIAAhEBAxEB/8QAGwAAAwEBAQEBAAAAAAAAAAAAAAECAwQFBgf/xAAaAQEBAQEBAQEAAAAAAAAAAAAAAQIDBAUG/9oADAMBAAIQAxAAAAEUrfDQgLIDRQLoZkmjzDQzZZm1sgTQzF0Mw0M2WQFkBZAW8yLIC3mGihrTzaWQLZAaGYaGbLIIt5laEI0MyNDMNCAtwFkBZAluAsgLICyAt5hoZhoQFqBdDMNCBLIFsgLIaWQFEqW3BVkEW8yrJIsh1RIlkBbgLICyAshlEC2QyyBLIZRIUQLoQFqQsgLIC3DKJCkkWQFkgyWMSKcBZAUIGSFEhRIU4CiQpwFkMokKcMYkUSFEhRIUSFEs8kg3i3mGhCNDMrUzI0MxdCAsgizNlkFWQGhmGhm4sgLICyA0Mw0UBoQFkBZAaGbLIDQzCyCW3mWaGZLoZhoQVZBGhmLoZkmjyDUyZoZhqZM0Mw0UMogNDNlkC2QGjyZZAWSFOAsgLICyAt50UQFvNlkBZAWQyyAshlEhRDKJCyGUQyyAsgLUsokKJCiQokLIZRAaEMogLM2WSiyAshFkhZAWQFOUWQyiQZIWQyiQokKcBZAWpZRDKUhZAWQHkEHTFkhRIU4C3mFkBbzCyBdFAW8xNDMNDMXQzZZCTUzI0MxdDMNDMNVAmhmLoQFkBbyI1UBZAaGZWhmRo8maGTNDMNDMjQzF1M0amYaGYamZGhmGjzC3mGhmGhmGhm1t5hoZiamTNDMXQzDQgLIDR5hoQJbzF0ICyAt5hopCyGUSFOAshmigSyEujzDQgLMw0ICyAsgNCAsgLICyAsgLIDQzDQgLICyAsgLICyAskKJCiGUSFEhTgLIZRIUSFEoskKJCiQ8hI682IViBuSKEikgpJ2MQNIGIlYgYhGIVuQokKJCiWMkKchRItPMTRSFkMYktCRQgblRThlEhTgi1IWQVZDi1ItqSLIC3myyAsgLJCiA0Mw0IIsgNDMNDNroQJoZi6EBbhlOGlEtaJCiQszk2MCzc5kdRxh2HEzsOQO05KjqXPRsZUtuGUSFEBZAU4DQgLICzMLcBZAWQFkBZDKcI0ICyAsgLeYaGYaGYaKQpwFvMLebKcBTgLIC1IWQFOAt5s8sF15MEowAAAQwABIwAEKwAAVAIAAAAAAKNCAJW0I0AxErEDEDBIxNRoGIGIlaBABRoBoGIGIGIhiBuQbljEDckrEFJBRINyRTh1RDldRSNqhDajBG1Jayyrpjlxs7Z8/PWPRz4F159sc77c9pze8UmaiLEzpqabzWL0acU436enkvj09jTxtsdfWrztc67Hz6S2JwIRRIUSFEhallEBZDKJB1AlEi2QFkBaQUSFEhRKNFDKcBZIU4CyAsgLUhZDKJCkkWQHA0deTQAAo0DBINA00AAADEKxA0AAIAKASgKxiBiYCIGCgmAIYgYJBoGIGAoDAEMQNAoxIxCtAAEMCAFQ0wExoUMQoAMQjE1AIGmruaSmIozyOjPmws7ceHLeOvHF9uVRVd+c1T9GE6faS6vUnTbv58/P6fY7PK8TT2ubnrxOT0/P9XPki579ZVpc52nFxW08bnpMeffX0eWcOvt6eJ0cuvrvz98b6TO5QYIEMQMQMQMQMTByDARiFYgYgYgbkGAMSKEDJYxA3LGIRiFYgYgYg4gOvIAABQBAAAAaAAAAAAAAAAAAUAABExKwBAwQAAAAMQASgAADEA0DAAAAABDAUAAAAIAAAAAEAwAAAAAJRlCpTGi5sLO7LzsrO7n5n050ivTym2/VzVFd4m30htp3c+fHfoXx5+Vl6vl9NdHo+Dq19PHz64z1OTiXVrmLpqETvVOGNArkcKKUROs82S2nhqNc48u+/p8a+Hb3dfD6efT1Tj3zvRDhDVAKGJgAACACgAxCMTUBDEwEwAGgBoGJgIGAAgYAAAAcaDryGgAapoQAGIBoBgAAAKCEYmoJgAIGgIUYAAIYIABiIBQCAAGhQABgmgAAAAAAAaEYhWJgAgCVgK0ADQAQm6IqphmPPXXlwYWd/PxrWds5djclXWbs1rKvXw0c39DL6V6mOXJn7uHDn53RHF0vpPxy31PPmd6l096KlSaLGbdpzVtqXVEhRAUQy1JLSENClE1ko0XFktJ8+q6ONebp6/R4G3Dr79+L1436E47Z0FIkaABGIVgAAAAAAADQMAAQxMAAAAAaAAABgDOJM680NA0IAAAAAAANKwABAAACACsFA07E0wQKxA0A00DQgMEMEAoMEwAQoBAACZSYIhqVgAwE0xMQADAUCol6Imo5jsx87mufS5eJWbZw6tMpDATRLEjSLL0x19PLXp5ev6XL0u3z48/D0+bzefd7eXG+3QoWtWYybLBaarMrRQNW4FpyksgNFDiiRKElokKEqpIGkQAZJM5pjQ4XN1Pmu/V5h5uvvdHze/Lp9C/J7Mb6BXLBSEAAANAxME0MAAAGhoAaBiYAAAAAAA0HIg68wBQBBNIwQ0AwQxMAFTBABQAaaGggAsAAAGgABQAAIGimJgggaKAAAQBqgAABMEMlAAAAABgjSjNnPL1R5nLZ6vJwTc9GLepE7yZFQNyFuBbJRRJc0m+2JNH6cjb9WDTM7tpyDSBa1dYpNpzFshVZDW1LQcpdFKLcSaPMNTJmigS3mGhmGizDR50MhlmbkpwFEEtErM0kXGipeazpC817e3xDz9Pptvmern091cPVnVFCwwgAABABRoGJgAgAoAjQKxNABQAADjGdeaYCGEtghhLYCpCGyRtJG5ZbKkoWSkSUIhkIZYhkqGUhiJgomCGCGQhgmAJlJgJhKJglQiYgGlBgirTOqwa3Xm8aetx+dFz1YRNlqKK1xpe++fcomLZ4t+dGhXNJ1vEVtfpzhex6MZvQ7szVdENqkqVEtUpoupBNDkqoGDUrZmFOCyiZNFDtszDR5BoZBo8w1M1GjyK1WYaqVJoZO3RZ0VWcmjhRo8nJq8qyp5vnLlvzs1ovMN+Zebfrd3zj49fq6+c7eevUWe01JcyIaViEGgBNRpoAKJgAAAAAAHMUdcIZCGElBJQS2UlaRFCyUpENktlslESMErRJQSUWSURLoIbBDaw6QlQSUJJQslAlRSbIkoIKCSypKqMzXGNDz+GvY4vMjU6sM0lGOcu+eLlcb2vL00ayNFUIkaL3mH0bejlyadj9OObTZejObs1ZGVKoqSpqFatkaFLKlXN1LStSqaE00hOklVqTkqHOlocoKabkGCRglTl3TBFOFJZKstwl0JcMkLIaOoEdZWtPOszUxqNXjfOaEnKOLPNMzSPMrs888+/oO35Pbj1+qXh+jnfSU5YGoTBABQAaBBoViYAADTEo65kolkoJKEkoWShEMJKFl0JDYS2CVBJQSNklokbpKiJKCRskpAqCRskYIbJGCbKkoiW6M3ea0+Lgk9fj8rPTs5cmjmcjeOclqb1l59NSyaCk02WJ6gbdPfHDv36erjx77HoxBRqJUVI2ZllsTpJKpWpUqhjWVSqFaWFS0UWrZTGpVTaoubZVFSnOtNCGE23DQxTVOGrCUBNQlg5GqJEpJlOQokKchUpssSLSCnIXWTzNayMzczM50rM5rQ+CFq/PMLcebXR3+MuG/qun4/r5dPpF53fnTNJlkYIGIoJYxDVgwJKNySgkbJKCSgkoJKCSgSoJKCSgkoJKaQULJQSUJJSEUEjBKglsJbBKgltkq2ubuRPl4U9bl8fGzv48SnJJSlyrm6Uc2mpKNFgAjQUK+jrjm17ej1cePp2fp5AzplDEQwSYEtWjECYqVJEqSzOithaIhUWxNq2VaqJ0SxOk1mrWtTOkmc6GtZGiusi5qC1bBSIGWoFa0JQGCUraC0aUMl1RLGQJoSQ2gpSGiQjaSupEtw8yySS6yuZusqk1rOucbVcpM6Vwzyz1T57z6Gfn6en6XzL49Psn8l6ON+2c/TnSGCGgY0kYNWbkq1EuipbCSgkbJGySgkoJGySgkoJKCSiJKKkoiSipVBJTIKCSwgtkFoRhwJ6nP43NXp8XOrKgStCGglUshISAOkNAXrrWFd3T6Hm7956+OGlrvwAV5tw7myXFEspLpjnPpdPPv5ZfTM+YX1Pm2eSVPfKGIk1aikICkrSxOs2xOk2yrSwrVZrRW5rSaznabrE0WtZzrFsKxc50VuatVM2Wwrm6hs1UqUohUOGVLFQKqSAaYNIbkTSUo0JC1IWRUO4JnRxUluKmbrKpnS8bzNLy055YniJWcmGfWcXCuvLz7z6+OeG/oPS+N05dftF856eNeiTcJjApaibCSgkopKglsEMEMEMEMEMJKCWwlsiSipG4SbqSgSpxDsqXlwno4eNyHrcPIrKhTVSpWlKilIUSFEpaJJALtk7Orp6PP6PQvv6OfazvpA9xDV5iHrlKtXjE6zeOZpOuCHN519x8L28L9J8l9dPl6fJnoed7eG3s/Ps+t+b5nkDXXCGLLasExUmKhpUqVSUiFathaK3NaTUK0ZLqyaxWq3rJaTWa1m3ItW5lzWa0V1E6TbKsXOdJ1YYrpUmJNKAWMRKAAJgAgAoAg01okjR52zbzrObcuZ1UVM6XlUa3i851JrGbFWYloc5jn1rg4M/Sjhrza68fPs9HyZ59frev4jbnv7coakoENkq0SUEtsgoJKZBQJUUlRElMkZSGQlRUlOJNGZueM7sfH47PY8/gnU2xShqRqklNCAmbmyRCDTACEa9G/Rybd23T2829nX1WSa3Th6lmbsuU7mklrNEmudCGaSLzaavETNc4WivDPp6fa48J9Lo3+Z0+d4fsDePzrP9F8T1cfljs4fZwpyalEsAATATCQLUUlSqQVBC0VR6HF9x59dfFx/I+Tt9T872e93nw6+98HtPnl0ZerMZ7GrjOyusZ2ms52m3NWrc1ZdZKy6yVrVlXCtAoBQCGIGAIBGCGAomA0JdZtNazrGdFLmdKh5XWVMbVjWHQ8tM40rO8ZpqsQVvMznc5OLD0lyvj5+xlx19c2eP3IpCGySkIpCGCGCKCSkIbJGySkIoJNGZs5Trz8ngr2/O82LOjnHekz0W78c9WLOKqHFAlpSLRJDQIh6Xpk+rfft5ejU6/QdZG/TqYrWtzETYwrTV4lm5gG5iam5iM7mDudni7nUyLjZQXnoZ057/AGfw3Xx8/wB4/A9r5vh1E+fMEwMvH6Pb+V4fP+hylOff5bIbNVm0t5uSyWgBAu72OW/mT2PJpSzplKlb6X2f591ePphzUvXzhWtNPc+fnnr7nzfmfS83Ti4vuNNPgp+g8X1TGdZ7SJ1S5TqtazVpco2WrkWW4Gs6sTomsltOtZlMme7bnPMXTz6qGaomUgIYFJjgaaNpyVUVJbh5zpWbk0vNzGmmWmJemN5xreOmc6uKxLc1nKbrMhamZ77Z8b6yGCGCVAhghhLYIYIbJKKl0yCsDefM8+z2+DyMq7eXMuhXs9HPfXd9vPra160Be0zoqxx6xx8/P01OHmT6cp5z9A104dek36crqdegBb6CFdAFIYgDtTVAJ2gADLU2UhlIZSKEh07IdK4pJMabcqnH6T1PiDj5PtfK8IcujKH3lpGuLSq+eVY82ZavnlheI4GNDMT6j3fhP0H5Xp+Z9X5vzu/L6XxOj3I+RPsfD6zyVa9HOW1agFSpIhqp3yI+h9f4c83T6X5/t93nr4c+78Hu8GeiPVnJaTbnOpq4LaTKdTVweityn2fouGvg/uODyebr5OCOz9B+D+y8/wAb5SvqvJ9t8c0O+8iy1K5JqgmmSIpxNAhScyVNJZFzOjmsS7yvOdLzrGNqyuZ1rOsS6is50cNn6Ia+J9cAAYIGIYIABghsRdGdHnnbx+Xwano8PMVUVc65vo1erm30NexMOnqEGugIuwJlYnSBQCWqJF0IWtDRqiaCQ1oTVoDABATAYoBqgFMBRoG06QwQ0MTUaKYgYgYihMZQ2yhl4lQOOigvnsl3zMTvnE1fLJaeafsvjvQ48/pPi/0r4Dyzleb+j5ur3fmHy19x5vzfq+bfFj9hKfIHq798+GfY+fi/Oq59GJYUAEg7dvZ+fXLXf5trplTa1Ymxc1pNQrq3Gfs/L4a8fNLur2vCmX6XxOV5vQcc9UzoumsjWdazdNIKYlSgVNZG0ltxnYIMYN1Mu4vMdy8SqlzN3nec6XneZbis40cDH1Ba+H9eRghoBoTYIYIqidLQuPDytzfzssWQWs7xrro9eega9TAvcaNdWg1pDV0JpRNXQmCQWynOtCDekBdCqaEDQBaJqxgoaChpwCYAWgFMToAUaBiKYmDTUAAAAKBoAAaIAAaKaNEzn6nLn4/nCl27KpLwogvm0UO+X7nn8H7j5XzvzVd/D9XhJWt82R9B63mnzP03D4PJ9nt+d2fS+D6Hup8YfWfOd+fM0u+QaENCGqAIR63nYuJ6ty+N78d/HXl+nfBzcu5z9HV8+j0MlodmRorclrNua1VuU7K3Jai5O0QtVWbtrm6SS6ogtyRTuIdORDrMmihUOYdKsyqi5KqXnNuXMfXFnw/rZqxYVpJGCGhN0GqSrzcvI1Hx5xedovPpvdXv3jDfoAGxp50A7oBa0Jl1I1dCau0BagVspre5aLWmWpMqW00gLUBYNAAQNMAFAKAAA0YAAKNMTQNy7WCGABXqZ5eS/qTn5vln9Kl+bX0onzL+n0mfkz6TzddfNLjr6fQXAs82I31aAABKi4X23xPVy8f1fge3zeb5PXp8lydt+94+NenklVdPHmtJ15U0nHryxeedkVY3FFEuRh6Wb5u3rd3C+P1ef6GL6Pgd+Gb5v03l+Z0z0cDXoCZpJSIWirMstzKDNWWxOqtzVlsLQMnYZlOodMg0CSnlFU0i25mSyJpuSadSIpgFZg2Q2qvP7NaT8L60KwzLRCtEFqFRtavM7NV+U5fa67n5Q9ryszClV9W9RfX3gPXZNrOhg0AXQmXSVLWkMWU1raAtU0talUa1CZdAFJitJqboAEAgAAAAA0KwAAoB0gBgUAKAA06YhT0OD9B4eHLxl85z8u2SPV9UAugBSpJn0Pf+QOXl/RfJ873fH8f5Xz/qu3v7vhz1fK9HvBGuzEFP2/f4eH4Ner5fb1Ia3pK1qSMvNVKvC3m75tFLvkc0XxQdN58fG+j0px8zo9zLzTj9bj5+c5Z1jvn0PN4XvNCOmQC1KpAAQxRNAmEqgSpLM2VmtVUK2ZOyoWpGZdVlVkSURLpkuySKbSabkl1US6Emm5ENwp0es/aq18P60K0sFqSFaIWgL3eD6mb+Hr6f89Pc5r6Y8jw/b888Sejk1ejfz9dejvMN9+wGnoGndgF0Jl2lSpJl0k1dJVOtE0tWZpa0JipMtSYqm1dSBQmCAsAcIaAAYCgAAUAA09GmlGgYAAB958Hty8n1PyH20ef5/wAW+3i9f1wDfQTAAhD9PPOPs8PmfJ8fyejmPZ9n7LX4j3/L8vyOf9F+D325hHf6DcgxMAFALACxDWsiZZBV65Z9H0UcPneZ7Hjd3Ph3eX6PiZ83o1z+b1x6WXlnbzwye3jqoHO3JM2Q1qocjJYxMSoIbFkYS2IpprJQSMJbZBYQ2ySxINHEOySKoJdNlDqWWxE2QDaCpwm2z9qtF8b7MKxM1oiFaiVYns/QeX6uOng5dng2/G5/afE6zuebcm3F15HBHXgq35C79Pbydten0Xzba9lDNegTW+gmNIC6lUWyrm6U0rZGt6SatALUmKlU2yBaAAAAIYmAAmgYimAAAMNAAAFGgGgAB+h5xnH1m3xr5eP6vm8HaT1DzxfV6PnMa+t4/mxd8A7ewAtTNpPsuP1fnPB+f8FB7v0IBACpuQbljPZ15+XxJ9fnt8/3PO9rPLl7Oni5ePHfLPevRy+Y9Td18PfD09xp9YMHBgnlQ3fHCseOU1eFVm3K3nUUIihCNoGhommAADMpbSptIm2slkkltJLEkoJpsTHJNFElmSKaIpyS2xTbZ+3VHyPtQqImdEZlFSqE+q7MN+fQ+X+oF/Ksf0D4bTx+D1+djztL5jeMrIy6pTiXXksbc6vT0t/I116fVrg337uiU9egGtdEmWyrnWpTV0k1vRNF0gBKpVDWtKaVqAoAgAAAAAAENDAACgCmBQAoAAAAAAAAAAAHfwenjjz8/wBBty8vy7+mLr5vq9nmk39H5Xjmfb8VLr6wDXUBQ0CDWyZHZxTPqdXgGOXuz5Hrzlh9D4vLjnXHkd/ZUM30QGoJm8ppsMByYy8U07yFRfPKovnhaDx5O515ZYnG3JM2JRYCK5aMQtCcgMhUnBQIJuRMYJuSW6JbIGxE2QnTklupJbZLdSS22ftS18v70FIlWiC0zBQfVb8Xbz2ByL18+fWfDfJ/s3BX4/h9n8pZw59MsYVvmooaTn0JeOevO3HSYa7ejydNen135/Rv3dKzvp6xVOuqVLWpTNbka1RNKJzQnN0S1qgAAABAAAIAEABgKAUAaMAAFAAAAAAAAAAAABIwAQQ0EAAAQHdxznA/oZn53p7vVx5/K5vQ4M59Xza9fPH5P3sPK6eustM99mIu2IKJYxOgCxtO5aZcg3eQDckU7ykovKDRXjKsvnznUvlxWs3zQ2rwYDDaaMbkTHAwkGxE2QDcibIGOFTaS25EypE25E24RQIokTbJKLn7cH8z78qghaSSrSQWk9j1fnvocby/JP1v8Wuo+h+Mm5/ZPd/AvYa/aPnPK+ml/MuL9W+Wr5TH2/InPhx3zTOgG4CstWnJHZm1hbhejfz3r0+q/O6On0OpZ129rBdOwmroBUTSuknNqVLVQ1KAAAgAAAAAAAFAAAaAAwAAUAAAAAAAAAEQEAAAABAHVM8tddZx2elHzvH5/sebz/W3Xn8vHxXp9F5vmmuptgb7dfIEgCUaBiBuQolqxA6grR52zVRTDG7zTY5jHeSKd5S23GFoXjmaF45TsXhgt1rzYmpeWVUOSYTLacg25JbaKm8k3US25EUInTkl05JbaIoll0SBSkToJbbH2qZ4P0KYCVBBQkq0L6P530M32fzX9K82a/Dc/S8/WYBRfZwC/Z/T/lfZdfqvi/MfSXfheN+k8cn55H1HiscBrnMJMBkjmmvPHXCctaQ1e3Ktd/Qvztu30uxZV3+hoorfZoVqTWtIaUABAAFgBAAAAgLGJwAWgFAFDQMTABQAAAAABAAQGQANP0ZjztPcOfk87148jPPsnh6b09Lyzzrr0+LB77oabE0ACAiABAFDQpGIG5ChCsQUIq9MKTa8ac9XFTnTTc21TkFNzQ3eMlu8szSbyg0LxzWjvLFbF44rcvHF6k45u3JJVJnWjjN6PKHo4zejjN6OM3pUuT0cZPVpk9WuRq4yNkZmoz9YB5PrsATATAQwlgfQb+B7uL8p+Y/vPxlv5fHs+czzTrBeuNw1EnqfTfDvW/1OPzn37rr8f63Vfz/L6/ypz8NdmMzirSS2kSbMY6ZXlNoVaZTrv3Vw6dvo9VYV6fp7LOt9wDWgAABDIQOxAKDSCYJhABQAAGgAAAADEDEDQA12ScnZ6PXx8fk+f7njrM+vrbnfF0449eW/zEnq7eGdfS01ruACBQAIACGpAAE1IAAmoAIAIAAEIxC0S6rTFp0Vz3M9F4azlpWdzlbinJtU5sbvJDHNNu8YLLzgsc5LLzg0HPOrczm9GmdW8yKqoh24h04l05ZdOIp0Q7IksJLCSmS6E+mA4+sAAAAAAAAO7iR9NHlevzvyHwv7R4Wr+TZ/WeSz4ufo8ics7ZA4a1Us39bxKX7rs/PO7XT6nyun0V+U5vsPMnP56fU45nmLlJGCmkZ59CXmW8EVK123vmfb6HVXPfp+nsZ109NAa0AQAUACAkAAE4AKAAB6IAAAAAAAIAKGgYiNfY8F8+P0Hi5jOywV6tCuhoGAgIgTQAIAQgEAIQCAKGgAFDQSACAiGBQChuWOoa6a81M9WnLpnl1Vhc57Xlc46E05U05zY3eSG3OSm5xVFxJbYh05lNtmadSS6ITpyy6CXThFOJdAmyEUEugRRJNFV9ABnqDQAA0xAAAA0HXyB9HXz3rYufzn2WDX5j436n87Z8Pj7/Kx4WPscx59bZrv3cvoSZ8vqq3xejr5F9j1fitLr7Hi831mvN4fpudn5uPa4pjiN80ynVGRaM43ledbwZFK9L05zr7euuTT1fV3rKunrpy9aYigCACgCAAAIANGmqAAAAYICACgAAIE1INAwISAABgIhqBMEAgBCAQQSAEICAEjQQAIJpAAYiAEMRDEU3JF6Yh16cmuOfVryXOXXeF547Vnc5W5pyoVOYxuapUwm2wm3MopspjkGMGwGyFQxMcJsEyhDZLohDETaPoEF0AAADTEDBNAhgACYdfq/POX6Lhy9HN+d877LlX4Xyf0XzbPz3m+08lnwO54p3Lh2joScY8noTXjvv4Lrt9b5el+wj5z0rrfj9SjwM/a5pjzF15s807yYLaDKdUYR0SuK0m7NMjp6+i+PT0/U6nhp29tku7YFoAAAADQU01QAAAxA0AAAAAEAKRoYJqQEKxAxCNNAIhoEAUACIZCBSAAApAFIxAwJEAAgAIECAEDkSiS2qgjo05NM47dOLbHPs149c8eqsdJx1rOnLRy5zdJubY2BjmRlMptyJtom3CbEBtUxwDBUMQ2IYCbJbZ7YPcQAAAAAAAgAAAAABiaE7/R8Al+h5uP0s683z/peVfj/G++4E/PeL7zxLPnup8jPpTwbwuTq5TnlypUldff4ja+q1+X7LfYwOk87H1sZnys/Txs4J6spOdbIwnaVxjeTGdkudE9PVvfHfp+n11z6d/fo4eulCcoBaADTNEMAAAAABNAAAEAEiAACEAAAwEE0IagAkEwQCAKGgkQEICQTSDRIxACAAgTSNCRiIASMQMRKxEaac7mezbh1xz79vP6M8e3Tl1zx6KyuctLzqcrqacylUyVNTJSpFQ0TGgxwAwpVCGUDIBlqKIlspMD2wOuAAAAAAAE0AAAAAAIYAAIAL2el4JH0XLw+lnXn8f0XIvy/j/a8ifnvH+geTZ8bl73nJ509kHKXAISV1R9W1w9XsdEvzq97g1eLLXOsce5SeZj6uLPmT34Scs7ymE7yYTslwnaWsaqenfTXkff6fZXLp39+7yrfaxO7YGgAAxUAACAAACGCGoQ1IDQKlCYIAAmgQSAEAFIDMECAIGjJASACCakABAIgIAATUgACCQAgAQBQ0A6gOjXjvGO/o83bHL09fO6McO7Tl1zx3vHScdKimKc1MU5qRtCUAUBY2nDBg01ABgDBDAGh17QHbmAAAAAADTCQAAAAEwTAE0MABAAHR6fiKPo+XzvSzrj5ff5V+e8z6nlT4zi+44E+L5vqfPT5zL2+Wyfq/k/oJfd6OTpzbzot5+L1Jr57H6Lmt8h78tLPW04ef1M08rP08ZOCenNOeOiTCdpMZ2lcTWddjbmXo+j23xa+j6PUY309GjiroAugAGnSGkAAAgTQDUCagaaIaQE4E1CGkABAQAIgJBNAmswAkE0AEgmhASAEIBAAE0AEgBCByJNIAA0DESXeNSdW/Bpjn6XV5HRy5ett5vTz8/bWGk4bPO5irzpm3FTNNOmANpjaaDmrQCBpgNUwUMCvbA9HJMAAAAAB1FEFSAAgBiBoAEwABMEANAAmm3p+MS/R83melNcnP7vNL4XH73Mny/nfY8p8Xj9V5dnnen53IfX9PxfqR9G/P6o0TDLn7Evj8f0WGnh138VqgqzDDvUnk4+xgnlz2Yyc+fTJzT0QYzqpcZ3nfTPbKO/v7b4NvR9HreGnX1aEVro3LtYCoaQAAAAIQ1IACGoE0gAAEiAgQSAKABBBkgEAUjE0QGQmJIAAQgEAUAEgAJokALAFANAmpBoAAd5vOddMHnPb0+bpy4+x1eL08+PsXwdOOHTWOs5W5bNVLSnNI3NDEU2mDQMAYmAFMQe2B6eTAAAAAABoLhszbkABoAAExDBDQAAAJGAAIbkOj0fHqa+h5/M9CXm5/bwl8Pm9nnPn/M+s50+K4/tPMs8D08eM+m6vj/Qj6OvO6o2QE5bZnB5fs+fXD0eXjq+8eb2VeHU5PLw9jFPKjv55nljpk5Z6Ya5zWDONpu8tVn29vVr52vq+l3Pm07evZ51rpRLtBioaACABEChoJBMhAkaCBNSAECCQTBAQhqRASDTkQEAixAQASIAEyRAoaCQEDAQQIAAmoAUMQjTUlCcl1m8Y2053jHodvjbY5e/v4nbz4enXLtjhtWV2W4qynLSnDKEJTljExiBgU0B7oHq5AAAAgGAAgdQxzSIYhgACAaAAAAAQTBDQAADAErvNnT3eRZ72Pm92dY83sZS+Lh6/OeL5n02CfHcP2vnJ8z3bcFe71/KdkfQ5cdZHDrwWcPmdvBpe/FS+x3fO9dvvVw9BplrVnBz+tnJ5Eenz5nFHVFckdkHIujNcs91dc2lT29e2vBXq+l31y69vXu8q32tJ3QBKJiCakQEAIaCRASAEIDITSCagAkECCDMGgBEACJpwgIQ0ggkE1ABIgEAIASMENChpkiARMqQTJkarORy5KqHmbb8VYx7Hd891c+Pv6+T2Y49tYaTnq83c6EUU4dlOWWSxidjJChOveBerkwAEADEAAAMQNAAElIEwEAAAAAIAEaAAFAQwAAQaFd5h19fl2vt5+d1TUYenMePh63PHkcHv4J8rwfZcafJ36/npy8vZznnc/octc1V0nX7s90s1vtHkc/u82nmVvz2klpzc/pQnlZ+phmefHXmcuXbBxz141hG83fM9p6+mtuI9P0PQrj29Ht6DKt9tCHdUk4QECakABDUAEiAhDUgmpACEACazAFABIgIAATUgAICQTUAEiAQAkABDcSqJAZJDYibWYqTRMecIYAEhUvMq8nmdPX5t55+91/Od3Pj7def1Y49DzpLrN3N1nRbh1Th2U5Y3JX0KZ6+IhiGAAJgCAaAQwAQ0AJggABDQIAKAIDSgAAAAAAAAAABWmIdfV5lr7E8HRNLD0Jl8rD1cJPK5fYxT57zvrOVPj+b6vzk+c6O2T0+3h75dto0hZ2jLLpVedz+vnb5FdvPpmgTLDtE8vP1MZPNntyTjz7JXhjuyOSeiF5p6Y6eidcZ9Pu7K49fR7ul43vvZDuqEKwBAQAoAUjQQJqQTUg0QCIE1mAEIAAJEBIDCSnJA1klTSCySSiSSiEBIDGZGQhjIMxEMRDJEMEMkAIAUzTkku8iTu7fG0xz+i6PnuzHL2a8/ozz6awtnV5s0cOyyHVks+kA9vAAAQMEMEAAmgaAaAaAABDAQxACBiAAAAAAEMATAAEANAxAMRd5B2dHmaL6pw7TTx7CPMx9PKPL5vWwTxPP+lwPmt/T4U238eo9h8PQbkVDlszz3muTn9GDy49Ln1ecedjy2pODH08o86O7FOTLszOLPvzOFdWVvPn0rXbDVR39nRfJfp93TWFde+ryq7skViIYiACVASCagGSSMkSbykokkp5klEylRmSU4h0pJVkQUZiVpJKElWpZKckzopIbZJRnMlCSMENSJsiRtJYTIBADEBmDRM1pi5Ozr8mpPf6fnunHP3b8vqnPtfPbOzypNHm7PqUz3cEDE0DQAAAIAAAAAAAAAABMQAJgJoAAABMATENA0DQxAxDSDTUTQwErTEXr24LX0zh3mrx6XHnZeljJ5mHqYnkcPv4Hzq9vjTHo4ZPVfD0RuocMTqMdsY5+Tr5NOauTkT3L8jqrszWhzYehmcGffjM8cdUHHl3RbwLrzl5p3jW8qqe/qq8j1ezd4129OpnV6UA0DMk3UQ7MZlaEkFmZBoszM0UZmhlDpSIozJG8pVCQU4goJKUkjBKiRDMkNTIDEmRJSkQwkokQDKGQgcIZIhiIakExEBDE4pwJv0+fUntdXz+8x9Br4nXnHpPl1mfsGj6HlGgAAABoGgEAAAAAACYAgYIAAAABBMVKkAAACBgIGIBiBgJpgAJoAYgAPTIXq24bl9B8eq6Z61LxY+hkebj6eMnl8ns4J4OXucxx74Ynovi2jTGsUz5NuQ4/N7fPI6OQr1uv5/evf18bqO+ctIzy6kcMd2Nccdeczy59cW8U9mZzTtF1I107NzXp9d3np29FuLumFyop4StCIdGbBZlmaKIVuSFYsFGEqySVZEFEkFBBSlkZEq0IpSIZIlShFKJGSIpCVEklKRJkiG0kZCYIJoEORAIhqRiAaBtKNduUT1OnxdcP1gD3/OAAAAAaAYrMxoAATABDQIAKAIAAAoAACACoYiAUTBAxNANAwAAAAEwE0MBAAAB6ZNejXjte6uPWXTPRy8uPfmefh6WUnmc3q4ni4e1zyebHXyVz8fVyJ5/J38xxmmQxKr35g9Pp8XY9vXx+mPSXLsVluHFn35pwz1ZHPn0ycufXBzLfO2aldOm189du3RfPfTttWd3dipsbMpbM1K1ElEuZoohaLNlWokpRJREqkJUZQrUSUokpKlQSMkSoJVESMkQ1CGRKokQxJGIgJBMiWAAIJiJMACQAAZA0l/YAPb80AAAAAACpYRrAgQxAxANAAAAACAAAKAIAAAIYqAAAEwTAAAEwAAAEwAAAQAE0wAV3mHRrx0vdXJpLrFVLzY90HnZejknl4+phJ5HF72J8zxfVcKfM830HDXkR6OBxm2ZLEXpgzu6PK0PY28nc9OuDeNs7o5cu7M4o687OaN5OeOiDCejNc7S1rXTmfTfZfJp169Nc+mt7PKpqxPOmmKlRmyrM2ClLKtLKtZsFBM6LKVaiRqEqIkYSMiSkiVKJKIkpRJSiRglRJJSRKiJGyVQkqiJKCRiIYIYIYiGR+vAe35wAAmAAAAAUhkKkCAAAAABAAAAAUAAEjAAEMQA0AAAKAAAIGAAAAAAAACGIgBiYIFGgq80nRpzUvVfLrNaRTMMuqY4cfQyjzsPSxTy+P2sT5zh+q5bPluf6HgPHx9TnTiW8LCqR6Ys6+jzdD1NvM3PRvg1jribMM+uThjrxrnW0mMbSYxuoxpzq3pz1032Vx7dN9Vc963u8rmrE5oAmxUs1TallWolUSyqIkpRKpSyURKolgoiG1IkwQyENQlREqhJGQhhKoiWAikklESMEMEqJlDCWwkZH/8QALhAAAQQBAwIHAQACAwADAAAAAAECAxEEEBIgBTATITFAQVBgFBVwIiQzBiUy/9oACAEBAAEFAtL5Xyvnft70vtX7iyy/2162WWWWWWXwssvW+F8LL43xvnZZZfsLL0v9nfsb9nfesvWyy+Fll6WWWWWXrfGyy+dl/ib9tfGy+Nlll8L1ssssssssssssssssvSy+5ZZZfG+5ZZZet8bL7Fl8b9hf0l/UWXxvS9L1ssvWy+F6XysvS9LLLL0ssssssvSy+F6WWXwsssssvS+xfO9LLL7N+zsv2l/iLL7dll9iy+Fllllllll62WXpell6XzsvnZelll8r7Fl+9vvWX+3ssvW+d8r7tlllllllllll+5v2Fll8b4Xzssssv9Ffbsss3G43G83m83m83m83m83m43G4sv8A1LZZuN5vPEPEPFPEPEPEU3qb1Nym9TebzxDxTxTxTxDebzcbi+d+yvuX+7s3ivFkFlPFN6lrpWlaUbTYbDYbSiitd54gkokgjzebi/8ATVm4V4sgsgrzdrRXCjbYkQkI3GP5h8VDmUKmlFFG0rSxHiSiSCPNxf8ApWzcK4WQdILIbta0rWtEGtsZEMxxIkQ8kHyoPfY9RfXlRRWm5UEkUSUSQR5uL/0hZvFkFlFkN961xRBGiRnhCxlUMcMkoTISnZI7IHTCvsXuUVpdCSDZRJBHl/6JrSzcK8WUWUV+tcPnVjbGsNptHIP9dwkh4osil37JStEdQko2YSQR5f8AobcLIOmHSivsvheqaINZZ4J4dDfI30eKeKOkHronCyyy/Y0Voj1GyjZRJBHfvqK03CvFlFlUWS+zZeiDG2RxmwcwclDnG83G49dbLNxft1TSxJFQbMNlEkN37iitLFeOmFmFksvt2JoxpG0RaFlHSjpBVsorSxXFll9m+986UKhWlqJKqDZxstiPL/Z0Uegr0QdNQ6cWRVL7t6JoxRJEHTDpRZDdYmlm4svWyy+Nl8779ao5UGzKg2cSWxHaV+soo9DeiDpqHTiyKpenzyvnRWqKbjcXpYim4vhfK9L42XrZZel635X2q1SRUGzqNnQSRFEVF/UUVor0QdMiDpxZVU3abTabFNqip3K7K6p2PkvhZ66eiWWWXz+b42fGl8KK0sbIqDcgbOiiPRTy0r9DRQrkQdOiDsgWZVFdfBiCNKKNo9vY2m0orh6e0vWy+N6WXrZenyXrfboo9BHDZlQbkjJ0UR6LpX5zaUWiDpkQdkDplUV162heqLQ2USRDeh4qIOkvijRGG0ooooorj8L6a1al8rL4enC9Piy9L1vWxdfkXyTW+PpxrSxHKitnVBmUNmRS0Ur8vRtPJB0yIPyR0yqblXWxXm5VPM2qJwsvhtEjNhRXe9exfG+dnxxssRdLovSy9LL0+NPi+F6XxrSxsioMyVQZlIokiKepX4iu1R5IOlag7JHTqorl1s3m881NojSuwjbEiEjNpRXsV7K6Lx+PYLyvW9fQsvS+dG3SxsjmjMpUGZKKI5FK/G0eg6RrR+SPyFUV6rw3Igrz1NgjCuxtVRsSqNio2FaV7Be0vpp6npyvhfa9NfQvu2fN9naVpY2dzSPLGTtceSlfh6PQV7UH5KIOyVUV6qKuquQ3lqoiG0pOxSqJEqjYRGIV7leFa17754/HZvz5UKh6aI5UGZLmjMxFGyscVZX4GihXNQfkog/JVRZFXivkiuVShGG1OykaqNgEiRCve1xX0FPXStF8+C+nZvjfC9b7N6enGy+VG0VNLGyKhHmOQZmNcI5rivvKKFVEHZCIPylUWVVL7Hl2UaqiRCRCJXY+Pe/PL54JpYvO+N8UXjfH5+S9E7VCobSq0sbM5pHnKgzJY88lK+1oooVUQdkNQflKOmVRVv2NCR2NiEZXvK7VarpR6ar2PT216Xp6aWXp68LL1Q9eNFCtNpWiOoZkOYR5wyZjyvsa0VUQdO1B+UOmVwqr7GhI7GwiRIbaK7kMD51j6WgsOFEeJgoVgPP8dDIk3TpoxUVOHrwrnXY+dK4UVwrsULwXv3zTVT0S9L7NCtK1a9UI8t7SPOa4a9rvrKKFpB0yNJModkKorlXjZfG+aRqo2ASIRqJ2K7GAjPA6m+Rsd2XoyV0aw9Ucg6fDyGzIxH+2rSitVK51wX3yLqmtnlwvWijaKwWM26WNlVpHnOaMy43m5v01FHkg6ZEH5Q/JVRXqvskYqjYRsIjETvKhRWuPlvxiLqME5L02GYmwZoT01v2dc0ic4cxW6VrQpRQvYVONe1Rewmll+aenKihWixisNtabjxl+ioo2nkg6VqD8ofkqo6RVL9jQ2KxsIjKPTS+9fOPJlhXG6ksiyYkM6O6S0k6VK1HRuj9zg43jy7IoWb8TKJujopNhzQFClFa1woooVNaK9ynJPXT5+C+VFFG0VgsYrCvf0UUeSCyI0fkj8kWVVL4XzXmjFUSISNBKQvjfC9L7lWRYUspF0pjRkLI01fGyQm6UxxNiSw+2owIPBi6pkbW+hD1CeEi6rDKSYGNkpP0mWMcxWqUVpWlaVrWlL7xFLEE0TWxNLL7NCsPD97QiHkK9EH5KIPyh0zlFcvC+N8L40NjsSKhERNLLLLLLLLL0vS9LLL43rGiK+DFhYnYU6k2BC+/XHAg8aZ7kjZPL40mrJZIiHq7kEkxM1J+jIpNiTQlHz8laV2K0ooVPb3yTRNE7VFe7ooV6NHZCIPyh06qK5V1qxIzwhYxWCp2qNgkYjUTSy9LLLLLL0ssssssssssssssssvSHLlhWHqrXDJWScXysjSXqjGk2bNKL58L1vlBiyTjekoTdNljHNVq8GPdGsmZLI3StKKPQg6hNCRdUhlJMDHyUn6VNGOY5q0UUfK60KhVFCoVrRWtDcWZ5/BkIPiczv2WJzTu17iihVRB06IPyh2QqivVeCMVRIxGpw2isFjFiPDU8NTYpsU8M8MSIRhXuaK1ss3FljJXMWHqr2jeqQqO6rEhL1OR46Rz+7evSpvOdHeHF1R7RJMXLSbpRJjyxd6OZ8Sw9Xcgj8XMSfoyKTYk0K60VpWla0VopQp0rEh/nyuo5CSN6hkNXHVnUsWaPw5KKrjXL4KETRNE0Ttp7mjyQdM1B+UPyBZVXhtsSMRqJ26KKKKK+iooo8zzLL4J3LLIJfCkau9mdD4M6KQ580JF1KGUkwYJ0m6dLGVXdTyIeoTQkXU4ZSTp+PkpN0qaIVioutFaUVoumBif1T5EPT41k6PuT/sYiutynQf8Azn6ZNNkeFhYZlZTZyhU0+V41wTmnFNE1T29CuRB+RQ/JHTWKt60JGIxE+8rTzLLL7Fcelz+JF1ODxIfTWOeSJYerKf8AVzEm6SpJDJCvDaqdmOZ8JH1Z6GVlrkcK0+ddoraIZ5MZ08zp3xSyRLH1dVRcTCyzJwZMVcbLkxHT50868vkorl6fS0UK5EJJx89jpFXWjaJGV+DrWzcX2MKbwZ/J7cuHwJuCOVFh6lNER58E6S9OhlJOnTMIelyOEx8bFTJz4XN7VdliJuwcTHvqMcviKUVp6Cuc7StK7FcaK4UJ76hEPQkmokmsfIXeiCNEb+KorWy+PT5/Gi6pj7464XpDhTSmNirjD86BitljmTJ6bIqvjfEvsYOns8L+iBFijZImQ2Br0zMnHRf4cpJGta/SiuNFFFeSJpXKta0oRPeoIg5yNJZx8ljnao2xG1+LY3e5vR/KXpKtZxs3FmBkeDMtPblQ+DKUMgfIsPSHKJDi4iTdXahLlyzKNcrSDqksZHm42Sk3TInpNA6B3Z+U6e90bo3MWHBc9v8APjIv8MTyP+jFYybFVJIXSrHDjY7s7M/p4VwooooooorknGvfogiD5NpNJaPkFcXo1onl+E2qbVKXl6DM+dg/NmenY9DpuT40XUcbxY4enzSkXTYoh+bj46TdTlkHOV+lcW5ErUV6uXstgkeMgyol/uUesOZDJgzRr4Et4HixszVjdPworWr7lcK1rStKKK90iDnUk0o+RUHPE89GiJ+ARFVYunTSCdLiYn/18R/dhtP8nCf5OI/vxVPE6fIfxYkw/pCkmBPGKit7uPO7HkZ1aJyTdYRCXLlmLvt3zjwHvbFhx781J2omVPGreoNkT+SCY/ryMR03UHSo+R7uzXCtK1rv1wT26DvJJXEtqLEqiwm2ihBPv8XEdkujx4cNmT1VVHyvkXki0RZs0Rj9Wa8dDFMk3SWOJsGaHs7V7W4vS+w2GR5/JOQyJASeFnRy4k8JFlzQiZcGQZDImr6C+fs6PnhWlFFcK51wr2SISKSYW7EazcvhJUrKHJogn3+JEkUHV5nb+303LVkmb4jGQdWa4kw8fKTI6dLDy6fNjxi5WLWc+B7+/HC6ZX4ksavx5GJ0yKJ8mauSkjY5YyfqbNsWCsscefNCuTkRzFl97451pWlaUUUVyTlR8cK1rtohNj+HjTR0nTs5IH5mEuM9CZtkrKF8ixri/ar9TgZCTw9TxVkTt4USyZGW5GY5DkSQLi9TZMZXTo5yaB8D/aNhkcRwTxOXqStHvx89JMCaEiz8iMlyMeQ8bDYT9Re9pf4HEj8Sedm+PKx/6IMlitXA6rsTLxmxIrrJUse0UsRw1/3sMzoH43UY50yemMmJsSWHsepj4Es5HHDgR5uauSuuB1FWLPAzJjyIXQSexY3c7F6a3dm5M0D29QnuLqW4ycCN8cWbNAv+UepLO6dexfta0rsVpXfrudMZ5jsn+bJz8BuS2eJ0Tm5DmoktiuscOaKmiOEeJIX95BnTQDOrscKmDkjulQuF6O4/xMp/iZROjuE6ZAw8TBxibq6kkz5l49MlWTH6xGmzubVXWDpyOj34bCOCDIJmJiuTPWm42FkDoIcUyOove3sVwv3iJ7Su309tQmfjeLHjZ7sZepeBkJLDRdCPN1ioOaK0os3CPEkN33qPcgmVMh/bkH9uQLkyqbnL2I43SuxIP5oOqZSSu7WFg+Oj8jHhX/IuuWVcgTFmUgynRRxx4qJNHlSEGEkT+o5bJhHK0j6jNGksniv5LzvWy/ZV9Jiptg06j07cbqHeZJHYrVQ3G7RUFaK0rRHCPoSQRxf38eFPKj8aZhtVCihGOUjw55CLpCniYuEmV1J83cxM5+MOycSRf68VgvUnn9+Q5cKSWZmZ4bZ/EcWq+yorlfva1r2cP/lrm9NjyDIx5cZyioOYKlFlnqUK0VpWliPoSQRxf3sXUJ4kb1hx/k4HH9mGp/diNP8ALRtH9XlUkzJpe3FGsr8nFfjLqxdrv68ev742kudNL7RNaKK97XGvaQf+XCWFkzczobkJI3RqoorStL12m0VNLEeJKI8v8XCxj1Xp9jsPIjIMxJG5eE7HUiw4MmGRjone3rWivbV2q9tiLcOk2THCkWVFKmmRhw5KZnQ3xkkTmaUbBWnoWXorTaUehYjhJBHl/hEw5XNc1W6Nw4oIP6m22KCaN/TVpZsiBU6g9SDqMUxn4X8zmuViue56+3rhRRRRRX1dcsF3/EkdsZnZj5ZWZcjFxuvSRmN1iCca9r9OodO8ZJ8R0a7DaOQdrZelCoUVoiiPEkLL/ANarlix5sc8bFlH9OZITf0MTpqwJHNjTyOg24LZs6SZpFL4L58mTIX3la0UUUUV9fiv2ykjd7M6J0M6liSK0xuqzQLi/wDyBHEedBOk0KPbL09jlmxXxD0Hcr0oVptK0sR9CPsv71uNK9Fw5WmHOmNPmQf2jseVg1JUVkytxMh0D13Kn0dFcKKKKKK7FfSeixP3sOv4ipM7hdEeS9i43WJWkHUYZ0WNHJkYTHk3TntHR0K3s7RWlao6hHiKWX9tSqeE8w3xRz5THTL/ADNaf9NgmIx8KZ+Qh/kJiSaSVfcX7SiiiiuxWlaVpRRRWlFFaUUUUUUUUV3MSTapnYyZMGVAsMipxao2RWkPUpIiDq7JBPCmJsXcS9OHwOYqtK7FCtK1uhHiKWX9ngY7cibJldjyRPynGTk42yPGllZE6JDxsZpLmvkb7y9L7daVpRWtFFFFFFFFFFFFFFFFFFFFFFFFFFFFFFFFFdxPJYpPEYdZ6ck7JIVYtcELFUR6oRZj4zH6yo2XHyCTGVUlwWKS4r2CsK7FCtKK0sR4jiy/q4sWWYmxWwoiK5XRuYNdtVmRjTJ/CqCdQVizvx518HFaOzmsi+hssv2daUUUUUUUUUUUVxr3UMvhuRbRUtOp9MJsfaOZRXNFoZkOYY/VnsI86GcdBaS4rVJMNyDo6NpWtcKFQrWxHm4ssv6bHhSVd+LjjOpRPbJ0/eitkgdH1FVRcbGyR+BO0xcaeOTKzolc6lX6SyxF9nWtcq51yr22PPt0cm5OodM3E8Dmr4Z4Yra0Xk2RWkHUHsIupMkNrJCWAfijoVQVlFdhUKK13KI4sv6hkjo1Z1Hci4kGQSRuhe3IlaLNI76pFL++gyNuipZl4DZSfBcxXRUSNFQ2lcqURytI8tzCHqPkjoZh8K0+Bqj8dUFjNvOiiuF0biy/qEVUFVV+rssRSyyy/u4Z1jGuR6L5ksCOTIwSfEVB8StXYKwVhWrEsawWJFHRKh5tGTq0hz1QbPHKLEPiRR+Oo6MVpXOjaVw3CKWX+TsRxYilll/dMe6NYshr9HR2S4yKZGCg/GVFdCOjodGKwqiMboqDox0JSoNlVpFmKgzLa82NcPjHQIo6JUFaV2FQrhuEcWX+TRxZYiiLpf3UWS5gyVrxW2SQ2SY24diEuGqD8YdEKwRKVi8KFZY6IVqtEeqEeSqDMyy43ixqOiRR0KoK02lFcqKK1sRxZf5KyxFNwiiKIv3SKqEeUqDZGvHRoo6EdCSYqKS4ZJjUOiVCqEfQkhd8HIOboj1QZPRHlqJKx5sHMRR0IrDaUVrRWlFcLNxuL/I2WI4RRHDVLL+6RaI8tUGStkFZY6MdCSY6KS4ZJjKg+FRUVBHqg2UuxRw7gjqGzUMyFQbOjikcK0WIVlCtFaVpRRWtaVruNxf5GyxFEcIoiiKJ916KzKc0ZMyQViKOjHxD4EJMNFJsNUH46oKxUEcqCSCuHcrobLQ2cZkFtcK0ViCsFaKw2la1wrhuEcX+RsRRFEcI4RS/vI8lzRk7HisRR8Q6IfESYqOJcIkxqHRq0W9F5xQueRYan8yoU9hvRShWisFaKwVpWlFFaUUVruVBHFl/j7EcI4RwjhHCKIJ92zIcwjyGPFYij4h0Y6Mkx0cS4ZJiqg6FUNgsYra4RN3Ox49qNQ2jorH49ixOab6PJRUFaKwWMVhWlFFaUUUUUIqobjcX+PsRwjhHiOEURS/vGZD2EeS14rEcOiFjHMHwopJhoo/FodCOiHRCsooxv/1F6N0Uocyx8CKPgVpuc0tFKKFYKwWMVulFFaVxuhHiOLL/ABtiKI4RwjxrhFL+oX2rJnsI8prhWo4dEOjHMHR2SYyKSY1DoaHRDohqbFglI3IIpetCtsfCij8cpzBH6UbRWWLGK3RUKK0oorRUPNBHiOL/AB1iKI4R4141wil/eslcwjykcbWvHRCxixjmD4EUkxR8FDojzaNynNIsyxsyKI7irRYrHwCxuaI+jyUo2isFjFYKmlFFaVrRQjxHiKWX+MsRRHjXjXiOEUv71krmEeUilNeOiHMHMFYPhRSTGH49D4RWKgyVzCLMsZMiiO40LGijoB0KoWrTci6UK0dGOjNpRRRRRWlFFG5UEeWX+MssRwjxsg14ji/vbGyK0Zkn/GRHQjmCsFaOjRR+Mij8ah8I6NUGyuYRZYydFNxfChzSSMe3aJJQj70oVosYsYrSiiiuNFCKqCPEcX+MssRw2QbINeIpf3tjXqgzIP8Ai8dCOYKwVg6MfjopJij4BY6GvcwiyhkyKI8vVRxISeSpLQyYSSy702ixjohWFaUUVwoVp5oI8Rxf4yyxHjJBsg1wi/fIo19DMgtsg6IWMVgrBWD4UUkxR+PQsaoI5zCPKGTooj7LHKOUkUlF9UcNlVBs42U3XpQrB0YrCiihWm0rSihWnmgjxHF/jLEUa8ZKNkEcIX96ijXjJy2vHRDmCsFaKwdEikmNY/HodFQiq0ZkjZ0UV455I8kcLqijNyjEeIql6UK0WMVhtKKNorStaNpSoI8R5uL/ABVliOGyDJRrxHF6X94jhHjZ1NzXjoxWCsFYKwdEPx0UkxaHQqh5tPFUWQc4cLohj4+4ZCjURh4KDoilQvShWjoxzDaUUUUK3WjaVQj6EeI4v8XYjhkoyUR5f36OEcNlVDc1wsYrBWCsFYLGPgRSTGHQixjmjmDmlEMe50TaREEQoVo6MdEK1U0vRWisFjFaUUUbTaVpRRVF0I8RxZf4pFGvGTDZRHF/fWI4R42U3NcOYKwVgrRWisHRIpJjj4KHRjoxYyBKWMQThQ5gsYrD0L0oVgsYrBUKKFQVptK0VBWnmgjxHll/itw2Shko2QRxZf3tiOEeNkNyKKyxWCsFYKwVg6Kx+PZJBQ6Ia2ljUaJyoVo6MWMpU0soVosYrBWlFG0VorSiijaVRuEcbi/pK419BYjhslDZhsgjyy/vbEUR415uRRWitFYKwVorR0dj4EUfjlK0bLQ2ZDxLL5UK0Vg6MVp6F6UKwVgrSiihWitFTShUKLEcWX+JsRw2QbKNlEeWX97YjhHiPNyKbbFaK0VgrBWDox0SKPgNqtEeqDZRHF86FaKwVp6CLpQrBWG0oVCjaK0VutG3TcWWX9fXutw142UbKJIbi/vbEcI8R5uKsVorRWitFYKwdFY+AVitEfQ2QR3YUcP8jdQjxHaq0VgrSiijaK0VulFa2WWX3a1oor7exHjZRso2QRwi/e2I4RwjxHWVYrRWitFaK0Vgsdj4BYlaI5UGyCOL4qKPJDxKGyiSCOLPUVorBWippRQrRWipwrSyy+Vfg7EcJINlGyiPN33tiOEcI43aK0VorRWitFYOjHRIo6JULVokgjyyxRRw8kHm6lbLQ2UbII83aUK0VhRRRQrRWit71c6+8sRwjxsp4v39m4RwjjceoqG0VorRWisFYOisdCebRHiOLFHKPUkUdruobINlEkEebr1VorRWlaUUK0VpXersV93Zu/A2WI4RwjtKFaK0VorRWCsHR2OiKVpuFcOUePF4oo2QbKJII83a7RWCtKKKFQ2m0rhuL71f6As3COEcXpQqCtFaKwVgrBzB0Q6NRzVHIOQVgreViPElEkEeI8vShWitKKKKKNpXCzcIv5RBfubEcbi9KFQVorRWitFYKwdFY+AfEOjHMFYK0rkjxJBHiPEcXpQrRWlFaVoqFcLEcbhFL95X7CxHFiLpRQrRWitFaKwVg6MfAPhVB0Q6MVgrSuSOoSQR4jxHG7VWitFQoUrSiuFiKIpZZZf45fvLEUsvWhUFaK0VorBWDox8CKPgHRCxisFaVxsRw14jxHiPEcXpQrRWioUVpRRWtiOLEcWX/ouyyy+CoKgqCoKgrUFYOiRR8I6MVgqCoVyRRrlEURyiOLL0VBUKKK4UVwsRRFL+/wD/xAAwEQACAgEDAwQABQQCAwAAAAAAAQIRAwQQEiAwMRMhQFAUIjJBUkJRYGEFIxUzgP/aAAgBAwEBPwH/AOU7LL+8sv5VjyIeUeRnNnJnM9Q9RiysWUUy/wDD2x5B5BzLLLHIUZSJRSIsW9iyCyinf+FWchyHLolOjmRlY42e5xEutMWRiyil/glnIvehraUzkJWemKNb0V00V0KVCyCyF/f8jl1WSGNNigKJRRRRRRRXasUhZBTL+5svauizkchveiiijiUUV0UUUVtRRRRRW/JiyCl8uvk2X12ORyLL7dddFb0UUUUVvYpnMUvrrL2orpckPJ/Yciy+0umumiiitqK3oraitroUxSL+osvahLpboeSh5Cy+i9r6b7VdC7tbqYshy+jsvaut5EPKOXwb61suqt6K6KKK6LFIUxTL+bZfTXRxZwZLGyWNnGt6KPTZwOD7tl/FZWz2rezkKYpfJvauvi34IaaTFpkj0T0x4h4SWAlpx4RwZj/K/cnDm7Q4teRSaJSvvX0WWWX3q2e9Fb2cxZBTOXw72ooooremQ005ENBXkjgUTgcDgcBwOA8Y8Q8Q8BLAPFQo/wBx4oksD/YcWu3CPKRKaTouLOL2veyyyyxPtsoorscj1PgXssTYtJIlp5I4vpjhlLwY/wDj5PyY9FGIsaRwOB6Z6Z6R6R6R6Q8R6Q8Q8RlwN+CWOS870ZFaHB71uoNji153hPjupNHqJ+Tjf6R2iyy9rLLLEyyy+w0Poa2e8u7eyg2Q0rZj0qRHDQoHElpoyHoYn/j0R/46P7kdHjX7Cgl4666aOCPTQ8KHp0S0xPQJn4JIeAlgJaclpiWnaHjaK2wu1RzadMqLHja61kZ+VnBosvayyyxvb/ZyL3ssssfZl27KI4rIaYhgojAS6q+NxQ8UWPTIlpCWkZPTMlpiemJaYjjcGZofvspNHJPyenf6Tgxxrz0IUq3va97LL3sve+h9cuy2L3I4iGAjjSIruV8d+x+Kwt0PDFktImS0ZPRszYuL9x6a17EsLQsL/c9oHqsajIcGuqtl/vbwXve1lll7XtZY30vaXYbEQgY4CWy2XQvj5M0IfqZ+OT/SrPxGX+B+Iy/wPxtfqiR1mKX7lqXg9CF3XQ4mq0qyR9iGnzL8tH4CX9RPRk9IS0zQ8bQ/99PEQ/8AYnXVZZfYb3vpl2KFExsg+ldK+LrtT6MPY0em9Rerl9xRS8btWZdJjyEoZMGTgmLV5cXtlRjzxyK475tXKEuKiY5co2yhxHAlgTJ6UnpCekJ6ej0mPGePYY/g2X1XtLqXQmQyEMgn2EL4ms03rQo0+olp/wDryr2IZYz94vonljDyyd6rMmvCHFNUzPo3D8+E0es9X8svPVRRRKKMmVOXGJlwS/cWHl+kenZPTteCWJoorpXbvayy+l9S6bIzIZyGWxSF0r404Rn7SJaCH9Hsehmj4kcNT/I9DNL9UiOhh5l7kYpey2bS8mFc9VcPHVLUpS4RFllfujU5Xx/62cnI4KUuPn/ZPSTXhmPBxRLGSxE8Bk0xLTEsTRXdvtS7DXTZGbRj1H9yGdMUi9kLoXxsvOvyHq54+Yn4nJ/A9XPLxE/Czyf+2Riwxxqo9DdEJqStEtPFvkTxJftZPA5qkqIY1GNFbtDiOJKCJYyeEnpyWGjjXTXbsvayxvtcepSaMepaMepTIysXUvlrJG6MmVQ8mTUNLwRyuXhjWTE+UUX60LgyN179TRQ0OI4jiSgSxk8RLEOL+HLqRZy2ocbK6rMeocTFq4sjNPpXyXJLySyez4kUsvvJ0yTlir9yOJyfMhp0nb8jV+xGKj7LsUMaGhoaHEcRwJYyWIeMcfgS60PazmezHEceqzHqJRMWtT8kMil8qc1FWfibVof53zfsOEjFhf8AWLHFd1oaGhoaGhoaHEcRxHAljOBwOBwOBwOBwOB6Z6Z6Z6R6ZLH3VI5JjRxK6seeUfBh1/8AIhmjIv4cnSsyZ8lXCJhzWvPueu4+00SUa5QZiw371Q8Cf6u9e17UNDGhoaGhoaGhxOJxOJxOJxOJxOJxOJxOJRx7PnqTFIqxxK6oZpRMOva8mLUxkKXw54Yz8mPE4+1+xwXxaHEcRoaJIaGhoaKGiiiitq3reu5RXTyOWziNFdMZuPgxa6UfJi1cZikX9S0OI0SQ0NDQyiiit62oooorau3e1FdNiltxGt3upNGLWyiYtZGRGdl/UNDRJDQ0NDKGu5RXcsvaih9KZZRXUmYtVKJi10ZeSORMsv6ahocRxGhoY/l2XtRRXTe1FD6bMeolExa5PyQzKQpfTtDiSiSiND7NFfEvtXtRRXRZDM4mLXfsyGdMUvp2iUSURoa+fe9FdmiiuiORx8GLW/yMepTIzLL+jYxxJQJRGuxXyL71FdCk14MWra8mPVJkcll/StEoEoDX11bV0KTRi1TXkx6tMjlTORfz7H0NEoDiV9BZfeoroUmjHqWjHq7I5kxSL+c+pxHAcfoUy+++hMhqGjHqyGdMUyy/h3u+64jgNfQ2X8CtrEyOVxMer/uQzpimKRZfYsssssssssv4NDiOJX0Fl/EU2iGqaIalMjks5HI5HI5HI5HI5Fllll/IcRxK+hv4iZDO4kNSLKczmcjkWWWWWWWWWWWWX8Xj9Hfw7LFNoWYWU5nM5FllnIsvpsv4q+ksv4qYpiyHIUjkWWWWWWXtfbv7G/jWKQpnIsssva97+P8A/8QALREAAgIBAwMDBAICAwEAAAAAABEBAgMQEiAwMUAEE1AhIkFRMmAUYSMzQoD/2gAIAQIBAT8B/wDlJCF/WERQrhZHpz/HP8eD2IPYJ9OTgJxSTX+oRBFJK4SuAjCRSINpayLeoIyWkoxGwnEWwFsBbETUX9JRtK1KYiuEjHAi1ke4Usy2Nn+PBGKIIjgjaTjgvgLYScRNf6LtFrEmGxUvdEZRbj2itFqhc0TQthgtgLYScYvn0IXFGKss/BNJkrhIqtEIQhCFzQicZbAXwFsRNJF8yhc0VwzJTAUxIQhCEIXJCELghG0mhbCW9OWwlsZtF8mhdCuOZK+nK4IIoRHVQhCEIQhCEIRNScZbAXwFsJNDb8etGPjFJkp6eZ7lcEQRWIFrHlIRtJqWxlsJbATiJoL4laMei1iJkr6e0lfTRBFYji+L8pEwbSaFsRfAWwk4yafCLiuFMNrFPS/srjiOkx6sej1Yxj8GdEImpNC2ItgLYiaE181C6MUmSvpv2UxVjlMqHJ/k1/B7/wDoj1FZIl9tY0Y+DGMfB6Pw5gmpNScZbCWwk4yai8hdFFcZXHBCGMYzcPT1GOb1UGG/tfS8Fb1t2LYq27lMWzovhvgfkomBCJqWxlsRbGTQXhrpbZIxkV4sY9IkZuMmekdy+T6upHqrwU9ZE/yK3i3bp+ozbKmDBN43TJHvY/8AZT1dZ7lbRPYYxj0fWXOSSYJoTjPa8BcFyRGOSMZFRCEIQhcs1Jt2L47V761xWt2MHpprLnnfNWvcrlrbtrnwTksVhQo0virfvBOC9P4SR6q1f+yCmet+wxjGRIxjHp7tSLRPbpyTyXgoQtEbSKHtkY4IjoLk9VElvTUkr6ekEREDGPj6um224jBW9d1T/lx/7KeorPcfGYZf0tZ+sDzY/wDZT1VZ+kkWGMYxl/UxSdpkyRlrtiUVw1iDFf28tqz2K5t09hjHo+lOkdJC1REC5IQhdCOox82eopvoj0WT/wATpfDW3c9i9P4SR6ia/S8Hv0TZXPNp+2ONsVbdysbYUaMYyPUxNtpEVe4tirYpjtWe5sq3o+jOs8I6K1QtI5oXlM9+oxj0zR7WTdBS+6GTaI7lvVV/8/U2ZMvf6H+DH7InJi7mPNF+XuQe7BlyuPtImbEVcopTb2GMYxjGMYxjGMfKOhBM6RHwE3iO578fg9y36Pct+j3v3BGasjZsrwZmpvqY/drG2CPTWt9byUx1r2Hrsjha8R3L5/qoLVnuUiY/iTS14+pWqhcHox6MYx6MfB8I6G7SCCfHfPNk2QYse77rERqi2Gskxalkz3bV/kVvFu2t80xKRWzgYx8GTesfSS2SIhnvzJaH91itbdrQRi29hdRjGPi9HrHTiR9GPFy498GPJOP7bFbRPbhNojuT/wAtvoTDL4pj7qGLNu+k8mMZuLeoc7amStp+smKJmPsIwuXMEYo/PhMY9HyieU8mMY+UeNNYnuexH4Nl4/Isn7Nl57yRgj8kQtJKfXI45Tk+qgi8mTJ9PtN0yRDlE4rR2kx1isaPyGMekdZkSRYfnWf4N9/0e5b9G68/g9uZ/lJWkV7cGRZ9iaQTUmjKxEQQMYxjGMY/Bej0fTfQ3EWInSPgN0E2Ra5FmK1frA90fTixjGMYzcMYx9R6Mej1ieUldELoxYi5E+e/0R93cl1Ir+SKfnRLoMYxjGMYzcbjcPgx6MYxjHwfKSOD0XQixW5FvKmfybzv9RFa/s2x0GMYx8GMYzcbhjNxuNwxjNwzcMYzcbjcMfOYIni9F0IsiuUiz8SS15/EFbs3LuSvwVozZ4b0YxjGM3DGbhjGMYxjGMYx+TFimYrkiR+HNIkrVC8ljGMYxjGMYxjGMYxjH0V0GPRc4krlkrkiRj+KkYxjGMejGMYx8H1V0n0WVyzBXKRYfxExxYxjGPi9WMfVXiVyIrlgifiZ4MejGPg/EXQjRj6NckwVzEWY+lPmzBMaTxY+bH4MwLV6zwiejF5grmIuyJ+HmCY+BQukx6rjEormIyQRPw0wTBMfAoXJcH0YlFMxXKx/CyImCdH56F4cSVzIrlZFuvPjzBMC+CXSY9FyZXLMFcxFh+JPXnSYJj4VdFj1XGuSYK5ytx+K/AmBfHvoRkmCmf8AZXJEkT15kY9WMY+uhfBIXSY+hFpgpnRXNEkS+E6zo/NXy8SVyzBXORdjHrPTY/Fn5iLojKRfm+T/AKjuIyEXfFf1hjIuRfiurPX/AP/EADcQAAEDAgMECQQCAQQDAAAAAAEAAhEDIRIiMRBRYGETIDAyQEFwcYEEI1CRM6FSJEKAoIKQsf/aAAgBAQAGPwL/AL5mi0/7Yevonb/iRbgK/jdVf0+1V+Eb7LcV6q/BtuMLbL8D24inwlirq6seAbcd2Kvst+bt6A6rMtfy1vwkNC+45XKjDsmm9SMwUEcOarMrHhcFqGDRX2y1xCioJ5rMj0Zy8O2Kvs73CmXTcsL8vusVMwu7I3jx1mlXH5O/FOVxWF7FJb8qz1LcyhwI8TcWCnCAAoyqaTvhZmejPdgc1LzKytA6kOaCppnCszbbx4cbyujGp2a4hzUVBh91LI9wpbnChwj39FACbIEAHsbqWRi8KNwRPkEXHqSxxCiq2eYXlPNTScs7fn0TyusoqCFLXA9XM4LIMS70BX7XKLb1nd+lLcwUER1ZaYKwl3XsonEOaioMPupZAO8KW5woI8Lak79KeiKzNI9+CL/k5aSFFQYtlpKy5Qrk+ANMolveCioJV4nmppO+Csze2ljiFFVs+yvE81NJyzN8F0sB70W9wclIej0jRiTm7vQ8OQO9HcVZa4huKioIWJluYVhiCg9tE4huKioMKlluYUtzBQRHv2gB0XQvGE71i+mqCoNyIzMUnY8J57rZ1Kzu6V6htINHL0OwHULENR1Ja6FFUfK8lNNyztI6unYy1xCziV3QO0xMKxu1UscQsP1FMVBvX2anRu3K8EclNPzWZ/wPRAHyXIojy6tlBOIKHiPdTTMLf7KX2Cl0LA1gPhBi0WJrg/3RmnA5dWQrk+icHULGNR1rLuwOal1UqMShr1iY/FyKh7SPBdNV03KKf08qatBrBvX+mccXJDpm4mnepP2nKAcXP0MDR5q71LXT2InQrkUR5bcrSpqGFJj5UUm/Ku742SDHsofnCh0TuKmm7CsLuzxMId7KHCFjcQxvNQa36UMriUWVGipT3o9HDHc1m+oEIPdVxcggGiGjwt/w8jgrQrQ9hGNQX27LCe8FiaMwWkBTUM+6hsfChuULMT14DzCknssrCpZi+Fh+ppT8LBTfhK7sjeF3Sj0xy80TT0/P2PAtlpAU1ai/yWWl/StSV6SvRV2wsj/7WR4Xcn2V+1D2rMIKik1ZnHweIw0c0D0rCvsdzku+ZUV6YdzWKhVg7lhccQQwjCVdx8PHFttFP9lEUhA3rM49hZ8+6w1RhV2hwU03Qrtkcux0PhbMKnAVFah8oClVwkeSuDCs5RXpwd6+26RsvwA36hhn/IK/ArQEKfl2gpOOUrpKZ01CisI5rE2PcKRmb1iKne3lat/SmiPfwEMCgtKktsjj13LBSbDeSxV6+HksDG4uZRrYsKgnGOatTwngJu/YaNX+N39LGy9J39cCgf7gukZqO0bHknk7tkscsNTK5YmZXLC8eFs0oOwOQxUj8qMZY7csTcw3hAOZi91NWk4FSKRPusDBgby4DGyW94LRdD9Rmpn+l0tF2Kmf64EDmG6DX5Xc/NYqeVyzN7HTCN5Vz8qBZvUFOqZbvUH9osd4IAmEHFweFhYMLfZd/wDpBtZjXDeulo5VAd+13WypdwK52wtd3Culpa//AFaKJMcDWdI3FRVYvKV9uqrPC1C1Cu8LPUVoJUUmxzUvdPWv5Jr/AD7XQ7ekqmGqG0y5fwuZzX2KxncgPqaUjepYYPupNF7lgaMDeCJ37MQ7wWE3buQqM1UjgmxKtUcv5Cv5Cr1Crk9hDRJQadfNCm3QdnjeYasNOiDHmVamxWpfoKcBXR12HDvRdSLCea7ww8ihUq1W25oNZ5KQVBzDmsURwQ3b0tHXzCg68Hy1iuwq422BVmKaro5KBErC3K3tIiW7lJpXVqE+6yNa34U4kenaMO8o9Fou8Vc8GN9upIs9Q8fPB0B0hZqYKzUV/EFaislFZWgLM89mGBQ4W39QEiUJoLJQb8qMUDlwe326uF7ZRdQvyUOEHhzPUwL7dVjvlTgPuF0H1Q+VIzMPns+2/wC5uKLXCCOEhtzuVnDbnb8oup5goI4VxNEjkriNgrVs3JZKDF96kKXNYvp6mMKCXhfcax/uF0NRkArE3ulS0wVLjJ4SLdhduRkqzlDroSYKymdmJoErM3hOALoONUUvdFtdzHHeAp+mqh3JdHUxQjJAq81Je13/AJIl9SXHyCwuA2YgAVLzwp77C3enMd5bbFWcoqKzloHBZcp5q7f1wfLWFXj9oOcLLpaDw7koLCsmKeSn6poJ5+amk3CVqeGgdnSjz61ioLlm1U0yCNyu3CeSluYcuCtF3Sh0wspp1hg3Kaldf7nLpvpqjmQoLp91bCPhZ3Tw5hPnsLfNFp6+q1UVFNN0FZ2TzU0zPJQ5scDYXGyNOlSDfhYjDRzUFoe/eE57BlCIqNJVqJ9yVgGVu4cQTs6RouiD2NiofdWMFaB4WXKeauPn89lar1Ri3BQFmaQpCw1qWE7wuk+lq4kB9TRvvX8zhyWasT8LoqDYG/iPkpUFF7B2eqAJWYXU0zIV24fZSL/mrvDQsrekdzXR1AWjeFioVA8K8tIWGuwPCmhUwncUcv6QcDgA1lFhaHhGBHE2E6bIRc1RHZ6rVQ9TTcszflZSrj81LXELD9RTDxvU0KsH/EqDqrPd+1BeeKcLtNswtO11UOVjC/yC3LT81ZX4sg6KRs0Vlp211dZTKuFb0mkFRoduistO21WZZSrhW9JoNwrHbp4G6st/pNZQ5WPU02adtqrqy0VvSSyh11Y9TRW7fVXVirhW9JLK9wrHwt/Si9+tps07Oyvturek28Lcerps07EdWyzBW9J726+nbWV/SfVXsreGurektis3hrK/gr+illm7DTqX7K3pPYrN2l/TGyv2l/TK/YWWm2/plfr6dW/ZWV/TqSrD/jVbsNPTW6t2Gnprf1Ht6fW/9Hdv+mx//8QAKxAAAwACAgIBBAICAgMBAAAAAAERECExQVFhIDBAcYFQoZGxwdFg8PHh/9oACAEBAAE/IaXClKUuFKUpd4UpSlLhSlKUpSlKUpSlKUpSlLhcKUpSlKVFWF+FxSlKUpSlKUpSlKX4ClKUpSlKUrKUpSlKUpSlKUpS/GlKUpSlKUpSlKUpSlKUv0LilLilKUvxuaX5Uub8KX6NKUpSlKUpS4UvyBB+WFKX4ClwpS4UpclKUuFLopcKUpSlfxClKylKUpSlKUpclwpSlKUpSlKUpSlKUpSlKUpSlKUpSlKUpSlKUpS5pSlKUpSlKUpSlKUpSlKUuKUpSlKUpSlKUpSlKUpSlKUpSlKUrKUpSlKXClKiopSlKUpSlKXClKUpSlKUpSlKUpcKUpSlKUpSlLkpfgK/JS/AX5gUuFKUuvgKUpSlyUpSlKUpSlKUpSlKUpSlKUpSlKUpSlKUpSlKUpSlKUpSlKUpSlKUpSlKUpSlLrClKUpSlLilLmlKUpcKUpclKUvxClLhS/UABHyBclKUpSlKUpfiFKUuFKUpSlKUpfiFLhSlLkpSlKUuSlKXCjZSlKUpSlKUpcKUpSlKUpcXFxSlKUpSlKUpSlKUpS4UpSlKUpSlLmlKUpSlKUpSlKUuKUpSlKslKUuFwuFL8BS5KUuFwpSlLkuF+IX4hR+R+RclKXC/AUpfmBcKUpSlLhSlKUuF+ApSlKUpcKUuylKUpSlKUpSlLgtilKUpSlKUpSlKUpS4UpSlKUpSlKi4pSlLilKUuLm4pfhSlLm4pSlL8KUpSlKUpSlKUpSlLkpSlKUpSl+ApSlKUuSlL9IAUp+WS4XJcKUpSlyUpSlLkvwFKUpcKUpSlLkpSlL8KUpSlKUpSlKUpSlKXClKUpSlKUpS5KUpSlKUpSlKUpSlKXFKUpSlKUpSlKUbLjZc0pSjY/h0Uub8rilKUpSlKUpSlKUpSlzSlKUpSlKUpSjZSlLilKUpSlKUvwFLhSlKUuFKUpcKUpSlZSlxSkfE58/LnAuaUpSlKUpSlKUpSlKUuFKUpSlKUpSlKX4ClKXClLhSlKUvyBS4ub8L8qX6FLi4pfnSlKbzcUpSlKUuN4pSlLmlKUpSlKXNxSlxSlKUpSlKUuLhS418rlZeB4mHkfkfmfkfmfkIrPWVZSlKUpSlKUpSlKUpcXFKUpSlKUpSlLjspSlKUpSl0UpcUpSlL9zvPXyvzuLi/Q0X536FKUpS5vwpS/Cl0UpSlLnr5UjF+x+RA/YfuMNyzblfdgssoRRXsJfIvcXuIrBfhS4Upc0pSlzSlKXClKXFKUpS4UpSlxSlKUpSlKXFxr+M7F/EUvwpcpEIQmaMv4AGG5jd2bEJhBaHDD8TXJyPyhH/ANFa9iZCc9h7z3iCG2J8aUpSlKUpS4pcUpSlKUpSlKUpcUpSlKUpSlKUpcUv2F+Xf2HX2V+Xf1e8d46x19VfCj0GPZj38jWOytiQsMIQRXiLdF1wMg0Qq4zCG3xzgtMjiuuRHkXuLXkuvl18r8KUpSlzSlKX5UpSlKUvw7L8L/DdfYb+hPrX4U6L89/JCwwx7cG0Z5G+JoWxBCEcwSEKkWS0cOhfwOfQihbM2jZdkg0TQww8PIFvZ7z34kNsT+BvzvxpSl/hOv4h/XSILBj3G/keULcoLgSIbBl4GPoicEFwbCTQuBIaOR7fJTsbQ9Hx8X1jsfJNE2PkaYTsNXZ7RfkQ/QvfEJ/D9HX85v5azfs6a+EwSWDHtNbKjH2WvklFoJYmyCaFyJbxtC0JYRBcxKOxqEzGOx+bLHwXC4x2XgbOsLEwg/Q3Ron2ezNJGaJ9a/8AjuvsJ8IQhCpDECB4WNDGyiOAn8CbwOHA2bF7jhyfkauSrZ5E2LC4HlsXF0UpdHJefix7WGhhhOCT5Iylez3YaQn3j+Hfx7xNE+XX0e8d/b7+yXzvzv0t5eDSiV2c+y4cw3WPNKXQmIIJiVnhGpC1Eb0Krok/BRZU7ORN7O8OIxy5Lsb5KUuOS4pS47KMusLjHZNngHoTrs7w4ayvZYSGifwy+PZ1jv6Hf3XXx7+lv7lkGqQlLkUuz3jBTETMw87EGEWaJpEx7hPkuy3FBaObNg9TicCjesUui8CZTgeMU6Li7PJ0PCLsuEyHphK7OYZ7BPYsJGNEJ/O9fJ/bd/R7+p3hOaDaY7wTWz3HaDdvKZ18KsPDeC3iibQguT2HsGZFGWOfgoumN8HDDxn7LspePwXD8Bs1OSnRyUQuKNmqXcHpHZ+yxeTvLXvDoo05PIHHuCkWxD7NecJ/DbOvoz5X4d/X6Fm/R7xDr7GMRRbSD7gmtlR5yN2+bjyL8Ey4UpRsTJvBacYuF68lQenJRQjSPfk5cwTG4JwaeRMb/wBi5OxMWwmLRCfJ/wCsT0ymiFpsvsT5ybdjZwLorpsFsWlLsfkb8FLiDEZd+DuBblj3Z3mEaIPFKdnf3z4+y7+519afR2FoaWQR90WNjZ9nfkVIT4H4iCzs6zvKWhLWEFoXJ+RLR0Wf4Exk1pwui65g85X4LWN+NaG9f7HuCYuf2Jy/2xvQ4ZoLkb9plxscl0WGD25w9dFrf9FP3OhvjTcOfRdF5eha8Qu/Psuyvkt/4OHkbTT+xPXg/eCULo6ODw4NWdsPUrJg7wrDWsu87+17+j1mY6O8T6Hfx6+6fx7+jBa8Cg7I7AvYOOTyCixRi4LXjDYmmPnHZ0XeEritBYp6IT9nh5OGXbH0N7Ol/Y1X4Fp/8nfJSzkutbFZ49+RPa/2JpPkTj8j5YuhvjsbPb9C/wA+C6OCwT2N65PXoYv0OyNDF2XkWuF2dhPZ27E7yN+/wLdDhyf0J7E9l2zR+89jgWl0bNM7OnmYmWxESj+0dfKEJ8JmE+lCEJifDeYQhCYnwhPhMQmZ8JmEIQhBbCka3JW2csYy5GD9lH5ifKEzrGRNkY5DQ5Nz4JU24PRCKHLkis4D0OjnxjhcCwPAzlj7By/A9jvE53B8lE2/6PAu1/sT2+xsbpQ87H449n7Hsd8j4Ecci/bwhPfMEG9HWytnRdm//I2uYVrRb6wt9DQE71S/n2UVM7Oz9l1yNx5E9FLqj2PbGgkRkfYp8sVcoWMn3EJmfOY7IQhMwmIT4z6kxCEJ8OyE+UIQmCDfed+sLth8hlGxoQGBpqLQcRcmio/IryynZNidmzgW3AteDkNcQWGJfG1M8HT6Hrs6DWmXaGTnspdFPLN0y/j2PhF+zyf0cJLnQrs6lL/0coz8i6Xk0Ju/6Ntv+xt9HA4Ps0f0OlqH4Dal0uzQWnCLW+sWO1sXLhl5Fw5yWjjx+zjtsvsrvns0/wAF3+hG6F/kaJ6gzHhwbEIckzv0yLgx/Wd/OEIQSITEIQhCE+lCExEREIQh+iEIQhCfRnwTEIQglvB9jEvRzpDLkc7LSscdjRDfZO4TkxKTZCfD9Ub0axQF6Q5nImyb4IyHWYN6x/ZK/A1saOXimQpdPsSbTOWeSTR1x+xpqfsUhwZUpv8ARdjapeBsdc3H9j/x2WrghU9j/I+R9bhqaLo/bOiaO+YNsX4EdcCY/wAnAtR+zkV2lqF+54it8iftn6F0Jj5KvzhyG2HHsX5oaaE2qL+RHprFr6vXwXH1ZmYhPpT4JZmesQmJ8ZiYeYQgvQi5EjtCPIZPZ2DLvFH2DZorYVCPLFPwZ3lcBCZUq4EInBNHIaw0QmxkGiZhMprwQfOGtMhNkITf+hP8B7SO/I/AkGrxS4sXnC9B8jiZdc05J8F2efyIv7xZ+cNnItnv9FwsCZx77FLhf/C30PkbiE9fso/8k1yLQTD4dHfP4OynL1hQ5R/Q/AtF2KfWYJNyVWmsZ9eEITE+EJiEIQmIT4QgxEJ8piEIQhCfTmEJGztTlB5s7w9hdl1yJex8xtFX2xbiR1m/C+hMcDogKdC9CeiEy8PjLRBrb2fohNHRMQaGhohwv9HL8D4I54OHNHwtEtOA16h1R/k47Oy6fWLvwP8AJdl3hcro7Wzz+R8j6LPZf/WN7O6f5Lzs5ZdCYsdn5YT5mLj/AJDO0dusT5EX9+xP9i52XjdF+AT1yLgpRcM5HbG8DQT2NNmjvrjC1RkcGh/Sd5hCEIQhCEITEIQhM9k2QhCEIQhCaIQmsQmiEzCEIQhCEJh+Ryrw7hGd0N+y6LhwYdic/QINdHXySOoZoFCEqRMT5PgQ5iYhND4GiaJohNkJiC5H+EOtjXH9jWtbHWyTuHoOV4Ei8k6Kb4JzjIxIGTgQg68C4OztF2N+i6pw+S68nhib5o1vHLwdn4LojyaHgil9naO8U1ByxRTQ9ifGD2LUJndx1ycfI9+CJGUuzkwh8iVwEejGfObzMTEIQhMwhCEIQhCEeYjr4REJ8JiExCZhCEIbHMTus4tjB0d+x13SlKNlKNqeSeP0OeiBo8+xa6IOBaWH8Gc4Q2X49EwxD3iYgxDxDog0ND2iOEHR74ImyH51h7/ocEP/AFD2aD0+DZ8HL9C63wXZofQ+S6wY3ofBx2chPTw+hvRo4P18OQxPQr/+C/EHpCi7woxYxsTaQnqi9nKQ/wAnXJBpCq8D18jfphP5GO0hcxctpCjtcITEzCEzMTfySxCEJrEIQhMQhCEIQhCDIQhCExCfAcu0KeRqjsmeUJjOvhMd5ed4Tvoex6BXQ4UKUuxMpS6EMXOZr4dfPhE2NYQaw0djGtEGPYa90gnPR0cBiaHdCbJGOYa2hLvg7HtMWhyx+xLfDNoujlHC4KvyXRNcjOy7x2PDZRs5OXONi6K42X2KmQ8X8C65Qn6OXh7aExuob8MQ7OzvEDHrGw56LsZ2hw36HDIj0i/Jw1shNkITEIQhCYhMQmJ9CEJ8PBM9ZhCfCEwh2x3KZy1DvhrllLsbxSlLl8/JO+h/Q86ElwJOmDRDrHfAmdYpS7ERp+xNX3NI0im/yNjkEhNL9j1y/DqKqV5kPWwn4fxdnRDlh5mUo1oaIdE3wdjQfHA1g5sa35H+DgQNDRNfsbVj/DGvQ1skaHzBbfglvWxQOdcFKcBrSJ8n8KIux0dC4ZdC4KPBck2dPRYC2F0IXYpOaJlxBoaHjt/A0X2N9NoWrl+WQkk9iPWyO/CYhPhCEITEIQhCEIQhCEIQhCEIQhNYhPQsDdiE3KPCW9nKPFGyjwUpUU/Ao2dneI7pHUYFJcCTjHWGNEJg0NHR+8J8l4NDeNmzC7tDZtr+ckSI3pk+P4aHLVa7QnmPo38ZnvPeGuSE2NaJsg0NE2djHC/RVH6E9Qa/YmkfmNa8jWv9DWsO3EWnbJoqps1ydDVGmljUPR0vii/RuboQ3sXoRsLSjbP/AFCcOnXkUcCY3J2eRbomGHuReD0fvA2XRtM/OEJsQuS3FqrjExcPhPlM6+rCfSmCD8h4MTuMZvZ3437w2Uo2XWL9CDTgbT0nQGi+s9YZ18ITBJwJh9tezCjWz5QoJO96Kj/CB1ndTyUuFzo7J8Lo5PGOjwTaO8MQaJ+yToa3yfo5ufhDKPX5GtDDWvJNjh6Es1B7D2RyOOibGjzo4o+NE4NrZyPkTlOXguR8k+t2MRdjKdCe/wAF6hdI6OS/9Ho0J6Fqj/8AAa8i7OSEqEh8HDN1vR6RhwKO4JK5f+cTEzPrQhCfRhy+AJeRCuztH+hvyx+3wcw8P4L4pn0M5YEBQXDeLjsp2Uu8r4IQhMKDW9NiQy+qiaab3BtWXijoxeiH1Z7QmXF2IWdjOs6zMXeITZCE7ZsZwIfgSzeukmLnN7Dh2nlHDDhyP9hr0NTCbGtcUnq4PBwEGt4PbF9nSHyX7LoTG2y7YnWV/gWkLgb8hT/4cC4fgXoLj/gSH9lEQmTgM3XB6xqL+MIQhCEIQmITMNkIQhCEITIi12F7aIWMe+C3sbPsZS4JlQ3nv5OhcnUHrFfR4BBdjfHZS+8Gyl1hdnIexaWE/wBF/ZfjyhNolfCSH2m8gnV/CF5fjF8EjSPaKFTw+Bu6MHZSouL8Oxj6x0OGpj9ZgqaXO4Lea7WTX+SG2qqdtJK9xBQrnDjRfSPylKPoH5lvQaNvQ9OCesJtKDhjXH9j8FcNe4fkNOcD0E7H+CeqQZwr9lRHYns2cfs9lPA0bY22UaLwIWtnAayoW294L9hPYuBfmYhCaIfiJ8DW8EIhImIRkJ8YTEOiEITMITRN5MTlidlCMd5GHIy9so2XBspS4UpR7fBiYa3AoIeC/IDCE43G4V/AUpSj/QTxHFUbNDN5NTievoRHo13RyoL2kfgJlHxyXQi7xS7PHx5fBmxb2tDu6QObrvWGQeL8EYtXgOwkHbdcilF3GMXVeiPYmxB2PYnspPR348k3zRr0h8eRj/F8Ev8AyRH1CbeDGgWGjoXDO/q2ikfPo8f2UXodCoy8HYtYnpjCehi+xPQmLCxNkwfzdfCfCfOZhMNBFyLNFOGXo2duzvFdBj6OAoakNGnl3P7NYTN8Ca4+kLOsl0PYoTLullHEvxH8vre0IVH4PghNP20IIj0/i1ND8sspzeTtHgRsrN/lkxcEy/o4F1yNl0U7Gv7jErpxpipHqg2NMuU0fvLReb0FOmuz+yL8YQ4HITezNNdobqviCZLM9eA+OY3Uu/oBiaT7TRyHosi78kSQlzrCDHA4f84HQ+hrBhKXQ+RNZBYm57Qamz+ENp+IDUfxnyR0c7voXQiPX7GL6Ey6Fwf0Ub0agmJiExC4FhCRN/JPsphw8CbkvQ9x3B3o/wA3CtOgP/xIQfBxho/wPRh0axek9OGhHRwIEiwy6KX6UNZhCEITJGby8CRewvfhhFQTyhErV+S1H4C4lQP23vyxOF0XDRCEmKdi5wuy7E/skOOYipjV89G0RFfAJdg8A8j17OjrPfz/AENb8iN6ImSInFEPXw5IZOf0xwT55SHwJfsfeh6LRy4ZNYQcL9jWhI4jCW4JBsxPR0kLG+BEmkaiCkx+GXNIpUjsWofiOHDRNjUw1suEITQlpD41+yeH+Bfho39esibFy/8AQwzuUrpRMX5whMRRhc4RF9HfynxmhBvsOJZzbGtvZa2Nt8u4/oTdGec9sdHRr4Uo9kXg4jUak/CeWdfCfbzZwx48mnsvhS7wz8y65L+tHR+Q+WJnWIiJnkSGPlY/DD1uxanaSnEO1EHWa9oaJEEKs+1oampvJyK2/dIbPFp+/ihnR0dYawzaptPyiMMKVY7q0Pjk7GjH1F027SDUR/Yzebg/Qm/B/gak9fjHlcbJDc7Z5PSB7erK2PWOhryM62vmvD32yBVuB45dI9YMKOAa8E0K/XoXHnC5JGL2GotaOEtz2fvDhrvH+f0coojmdCESDbLgmXBMX2cJgv5Qvgzk2MbkaJhUM8CTydcHWWdYuOzvNLij5+57+wi8YT2aeyvEN/WF0UYjvE0INEJrF1nhKaO0WxRMSGvSkyp8oe9frlG5V2kyI9pMPEHFWXhtHY8wZ3h1+GJiRJPsuxyn+YkNaRKQYS35Gqn+iaY0TRs9Kjm4a/ULxp8fkYW7FcX0zqXumxHbm7Nw9BsOzF5JjVZK8h5e3+Scj54JoRtNfkn9CaYrWDWxHB3OibOT/wBDWzlCWuRa0LCzdCFoT5E9lwhMRfjCZnygkLGp2R4Y/sMCsggmb4PMJUuPm+MPj6Dfwubv6S+pSlyvqXLVGhPZs5cEXxhcUp0TG6ttMda5QMj8qmXZdlKoKDZp+UyR0KMno3ECV2eanoeuKen2ILPUXiz8tjB0xNob3xMPHR0dnQxnIaEiDx/7RqIg3S1XXRD17hiimvTQT3Cb5NUNehcGNP0SLvNY1fJyIsJ7OyEISo4QvYa478iWmQ65F7Uf/wBHWidk/WKcE5FzhHQsKi5Ey6ExMRSG/B+vhPlCCwXF3oQjjH1sY7sfkwlGTgQhYR38usdYeXnrF+L5zNfF/Zo7+pfn+ByxcFoXQmdnDW+6TXXSzRXlGI1hPeC24lb6RFjeQLeo2rooivciG9J9afA3Md6HjgNr4THYyufF7JrEJRC1ubA2C/VNs05nbMWkjXDCu48kux2EPlHqNeA+MuD0NehpcmuCezj4PxHoXtf0bZyejlyTZq6IyeUfs5cwhNRC3RNsqIg0TfBB6kGLCwk9C5ELZRPEITEJiE+CEbeFJyc0ZvbKvkbrJWamIvizr5L6W/h2Pn7xfZv1xtqllt7g7a5Vp6HU2vGITCZC2OZsSaGK2tNIybyqylnP0S43hC9s+WLdHsb5peBfyN6m8sR4eRiRJwiNVz8lkJ+GnjvL4OjshBKouPZ5ZSMW3a9o8OYbF5t+GK6/RNmuE7Rl68lRwVzfguhcN1wjkr4QK9jRCD0EcPyNaHrMz3+AeyGnpQS5GquRLRP2foH/APBdaGhLYuD/AMk3wNax1loSzBLQn+sLXR3jRCEIQhCZhMkpCmz9Gx7NwwuTYJH1GMXIzrHeX9CE+46+rH4Ym/8AUNP/AFHoZx6IXNbJpx+UIFRpeR2c9E/nCCbam8ulnNToXY0/zmJl7ujds+EkKkfQPm3vyyC2L6HwUo9I+Eo6NP2y7+h2J657giKTVjC1fm2EZVHCbHyt1BDgEAlTpMaBfQ2u/wAj5Jly4miMfIwmITkfBND5OiVcQaIcuNDX/wCDTU3Ca3sfES/+iWEwfGCwISxNCTEsdHYtkOsQhCEGifFLNmx7KAbmOwxK/gdfFfHvHYzr4dj5+CzMN/Qf2t+CUkbfSQtTfvM/68RpvQejX2I8K/R4x/o/68hK6fzQkta9IL7c9M7knkPtGvTX1f24LybzdyZQo9sfPmdJjBMv6wh8krITFwui6Eyn7Er1REfHU2LNI9oTPAeANVpiAueCHornpibq8UbPeFNDfc/LNU7Z2NY7GdnLmE2Lka3hPI9PJNsmEJ6JtYa2O0TbJomiYhDrCY/QnoSJGjsSxNkJr4QhCEIQmYJWsJu9lD5F3AxcoWwYUb4I6+G/mzseX8+8Mf3usy+qctl7S0qwbdMUuR8bnpv5saptfhj/AGJ4DpUfK4YrN0WmkUmn8MY7vIGo3mlyk24lWcL5vQ/hCYRTlhdH+QyDR3wUbEyRb7S0NC2kPrGuIQqQcBmWbvJdjXc12nwJkj4psfzbE3TTafobuv5JGPZCEzMzQ0dHJCaGT9Dgv9B7eeh0QXls/LCC44JehlIWybZCH9YTZCUQmzr4whCEIQhEQhrs/ZFMok/+A84PFIHo3DHyRPhPpv49fLeH9+tsRlNVvyQdtTfz9R/B6VehH47sOSP4qDV02tC5aPclwNNONT4rEUq0CSVy6gW4PJd/OEITRdCYntl6Lr9myBn4w0RW9eTNAXyTCd4U0FK83D5NWNZDkVxOyS6HxZDjWwkq+9o4i0KUpfh2NZXGXA1+ib8k0yD4GjkhoehPRyeiYPYmCHZ+spaeEEsQ7wSC1mYQmMxCEIQg0Qo0vcFLpbvbHOqaZuKby+xNlmmg1REUM3Clm3kVCzPoTfwfHwZwOcT4bw/t3lfHorBRjQuKqdpcs7fT+nLzaat+BuHhvCCwvK8khS4t8MTuEqmuxmdXh+fjfpwhB8iYorX6IBFbpkcp04EnSOQ/30qYMmy8KByu2lROKE4ojxDgNv8APk4FFwWFLrDLr4NEOmd+DjDH1mKPTFwTZNnR1mEJomkTZCCQiCWsJEJsSIQmJiCREQhCEIQhNEJt8J1lRTjgShCSNTsabDu0Ln8avkKaO2oxMQM5jRiPvKdidX0evh+h5Qx8YXD+bX27+jCp4eRsCnGgtvTN64Y1jZ5RN/NLoqN077Qf2leW5ZxnXx5HjsZ04E3KGVadVXgJY/D8/ZIQtPlis9LEx4V6muRS5emLm400Q9OeliKxtcQPlO6OcFo3xMQg1sX5LsfBRC7GylLjoXGOWNEY1omliE0RkO8IcCa8kY1BIhCHAgtiEEtEIImriMmIQmEXkhCEIQhCEP0GLEsP/SNMG64QaNl5T6J2rwuFALejc9YLHgfosLUpPnMdjWIdZmN4fwcn3l+NGyQIroXloTcr6aNrD1RO1DX2fgTej8lusLNL87IdfS2Np/lheD/h8le7crGJOUb+p+hbScvMGsWP5oh7zry+xbWpy2cFaqi9opyQj2jcD7mlTpFvgg9s/s/Uwnjsh5Dx0LYp0LjOjrC5x+jk7+U9EJjvWj+xo6JooQhNjwvhBLWEiEIT2TWGIQhCEIQhCzHK41Tf7Tumbbou1Wtotf8AgL9MpTBsHAoEHivMFXZaTbIQmIdfDsZMdsWOjo7y1sa/g096OPX4Zwy/Z/8AbHL/AJzmz+x8xfv50TH2P/Atw8mGY3nfn6SK0j47Gq5R9hDRLxBGoLdoJI/wHGPxQcxIpPwM5PogQCcouQjXTXYcUJ+UPE/EhYj6rFwl8CQuyb7HwTRB/oJ6heoLBcUueuf8YWYQdxNE3hNCRCCRNkJshBLWIQVxCEzDoRMNERCEIQmJj1hjWaP9gbM1NcIxYLHEP+BMhGplMGgclmDzD9YmLZD7FPpvHR0dD4eO8vn+JsBPY1c/4Q3tq/KPwK8DHa/CGqv+WaSqcwxP2tG0uRO/+0G7v6adyf2H59NzGKDc8sTNJeoIFdcJIsI6I5NwT0I8f5B8wf5+ax2TRNCOC1YhMdBrZRs8FFsTGsLnCJWTWEQgjsiITEIQh0JERNkwhMILjCNEJmEJiEJiCz4ZK1rzeR5dXjyGp6he4NwLA6PQegZ4Yj1GecSI9jOvpTfwfI8P+I7ErpEZB/jDW8XaOdu/B0h/oaWhfoSQFtwPCG669/n6T2Um/ImtNuixcJ0A6fYoiuOUSaE4aCyvRQv7Kvj38tHRCaxyTR+B2TYz+ea4FyLliFhPC4FyXC58E0IguPjCYRMcjoQxHAhCEIQmEvhCEIQg1pjX46eSexy1HkNr9JGsVuBwJwRpKPYfobSMUmzkd2KfeN+UH8e8d5f8xyx2SPyRDfWhyoJxsN3aek64PUtJ1jiEqrYNLchfTn0ITQl6NeCDoSxwwlQ1ojuOy/FEEdiRIIaJiYLEpMQhPRBBIhCE2QhMdiIQhMzDRD8L1nQheqJn61E6tYmEXwLR7Z2M22utjWzmcCI6wsUuBllrBN8nmFt8isuO8v4PHWKXf8qv3yu3A33N4Z/2PYdbSF91uRouPCIy0p4E9o0auoxEkkBEuKFCS28a8C655EWR8j+hfozC4xCbJoQmycEw4Dbwcjmc/JDo70Lg6x38Ed42LMwiYjzNEITMIbwlsm/hCYTEIQ5l3j1Mo2WS6N6F+x0mx3Rcn54QVP4HQpnrg30XuGrNEegQayQ5HissJ4XpLYpzoV93G0bxr4vD+x1/CI7zbpG3J3GIeFSgFT7kmZLjTSTPBDH1GVUb01wHX1CJw1vfcGOQ6Lpm0nwl19aiei5RBcCNiQuBCIfoT2NHBYsMcxhKMgvpQhCEIQS2QhBImJiEIQWFz9GExDvGmPTyCNNsMf4DqsX7FCjX5IyF+RSir02On4Jje3duAndmvIhfRV4GTE2J48jPowcdZXC+wvcT3jz8Xil/kVyXwfkQar6KIz4P0TLRNuxg0fnQttEDrsEQVFduXgXAR+y7t+ypRFFhCJhYhN5gYnBBo4D2Hww5H4Ewl8JhBCxCEIJCRCEwkQhCEIJEIT4zMIQWhpzdza6KbXITY8UT8GLzav2RWGvDEBKl5HuxDgrX8wtxNc000+1Bngay1rFw0PAY7KNbk07Et8nDClzo7+u/4FOaZ/gTlb/ocn7i4PRfI5B6ZV5S2R3Pl2M7ItabE8M+A4f0BRM9G/uKIJiZ0LC5xrEJiaJrEGiEOPxBIhBIhCYJYTBI4YIUJfAwWDl9UCEJmy7XDDhKxoTm1s2EyhhOjIYKP/kSJSd1RUR+Ci0cvUc/5YODX6EXwMTDRBMpKh3kcF3yJ+2Kvea6LjvDx3/Fo0UWeRLQ4T7DCvLcjDvjlB+duMSs+8p8CkugJZXjB3L+4ogngmd4WEtCEQmERwJkSJ9IeL4AvpAgvgHA4C+sCEGk15opHbvDwjK3EKg4HA0TDnDAwTTaHSbF+yRansX1Bbj7EfPfxDt1eA1dDl8E+FLh4DxJiZPk8ohyM/LBMuv4ltsS8sb740Cwlt+EOv8AMIYuTa8oRFi7kpLqj2i8ZNaCM91aZWH9AFzH55+m3LO/vbiiYgsNE9CYnoXw6JiEIQhCYT6IgvhkIQmEIQhCEIQhCE+jPg5XlqCFI6mKcjQlvkNwazTU2e/jBHQ3ijWHSjIsg14YjikNAYcMvWbyFrgvlDW4aGXsQmHfxLgawgzvYqXRwF9E1983SXLZ37yBzbWvCVueo3sWI2yYjcbtzaKiPnhvypcNuR0xjkIk1LBmUHjx8+/vU4ILCTEyieOhcZmEtEJiEJhCCExCEEIQhCEyhCEwhCEIJEJ9amvo/AnUJYyqES520PbMt+B+g8E1hS5TH+mGa3/yKIp+yeBPwVsn6F7u9MeuiPA+CfCXAy4xsSlOTT4F+whf4emT5TF+pAti6aFB+19GmcAgsorw38b/AAaexM0CKYmJiELHQl8IQhCE0QhBIgkJEJiCRCCRCEIQhCEIQhBL69qb+T6E6qhaxoQNETHLkNrR6DT5Gw5GJlFheAbcjhbI0tq9iSoYS4L8Bcm3hnq3lEmMR3E+Qy1MdCZheYtOaIUv8M9rNPyhjWb9t/xFKX4Itxe+CFELCzCfCbIQSJshBISxCEIQhCE+EIQnwhPsGy3f6i42oRIO1RnK0KoeNDhcC2h69jgQntYSItCjjGbh9yyHVXgT6JPyVVUngvaH5ILD/A1dNEMJsiGiZdIeg9CHYnHyxOaORZF/4Vr5obhDYLcWBMQs6+MIQhNkIJE+cEaIQmIQiIQhCE+x/eEvJtX4BqokfYpdFzaQdg3wN6HoJvyNmWjdoQSKIS+jdpD8874ZoIoifsjq1ejRL+0VLvoePUG+MWiaIQg0NYWJhOMT9iH2IIX+F6/g3n9n7P2fvNjwL3EImgTFghZhPgvhNE+MEiZnwmZ8t/ZwBP8AVwsqrRM9BfiFDVHK6g9N6J9HWCaKNcjw6JuDxoaD0brbOJuvZDtGS8JCtNPwdRheRBomGsHimLP0CsQT/wDAevr9iCKRYKMCYnhYWF8O8zCJ8UiCzPhPsnifJjWn4I+1eRXoZw2jZtfsW+i0OWIezDTgbMNcqJRcPgU0bjhjLkZ2FPL0xbwT8j03py0exi8hiGXOTQ8DGGGiHQmTF+oghSl+/wCvqdfTfz6+nS/FQLF2rIoIJiYsL5wmiCx4zPtevsWPWa/BDRHkRaPwL9DXwaigEehd0KXWdRDlEiC6KmD5y1B/bGE2qfsSV/Ub+T2c1DumVbomx7YMNEGGsJsTgikEKX+d0a+xQR2/D3SNoRRZWF8V9FYX8EnsaElE8geHhPWekcW0W5oqa/o6yDMa8lBQ9o+finDo2OTWyq4MS+nB88ngQ9Z6cbgYaIMQhBhoaNigS+xexS/+HJiyXiyKCYmKiFlZX1F9CE+7sdThHWj2KeY/DFGtGjjH5UdURzNIYz4HQEGO/k5cG8tnZ2M1DIVRNos8nSRm62TPIofsPThiPYaGGGIMPBCRncWFYky/wff2nXxf2FFsbMnqWZajCYnjrK+gjX1p9Xf0+vh3zCcr6GJY36GL9a9o9F9npOfRSHLEPmHPBz4GniEzGQnQPSJJwKR6FdBzsymn7Bdw8iNJ6MXoGYPA9hoYeBj/AAGHkW/IggmX+V6+xfxomLdGg18zFpNfOBBPgQmLK+cF8l9mh/S6+j3NXhkZbPYqq/ocuqK8HpOnLEQ9mJ9Howv6D2OMZQKJaEHQmtCzgYB6SUS/g4eRn0GsYQGhh6jEwaGhogmbzkEUKX7l/wAihbGzk4B/nFs5NomExPKYn8VhCysa+W/rIT7VzpmvDNBuE9ZflD0uKeiHpEo9HQDa1R3Q9B6R1zWhpciPI6y6QvodAJ3NDe8iHwhLyo/UZ8Yl0QGvWB4IPIa2bTkmCnYgmX7d/cv7J/Q7P3BYOzH7D2ntEE8rK+ivtuh8nf0L9V/s/DNMk9jTqaftD1wrj9R5ULno5IhnQ2cEdrQ7lExXBSt0qJ4Y0U6FdC74HPI6ETZpjDHqPWTfBEg8LE9DEGh/uUuNDOj/ADkVgv8AOX6qYmaM084oHGe/AghfRX3KGh/Lf0e/oMFTXo0CT2hq1NP8D1xs28Q9J6hBwcsHMOTQ01f0N+TuCPsp2XLQ76OoFNcYV2kL0D+x2beCnRAbLBhll5HoPUu8wTBfsViFEy/xb4+o/sFhBD2Ezfye4pBFPRS/RpcX50v1EdD+4QdVi9F9J+0dRod1s9J6z1izilzUHVqnLoYaGfZw0I1sVi+B6CJwIg5i7kWLfYxXoWyZHoYYZZa9DIQfoM+xzCCZf4nQ+PvOyl0J6E1FsPpBnFsoVFoJiYmLF+8TGT7lBrWhrS39mvlEuNnpmep0KHoZvQ5XQ/8AQacnDUEq2UXIsHwOPyLUzcHtye084SJyNDotgh0MtDLLLQ1og9jYJ+0/X+SggmX+Gf3V+HYh8HQuSvBY0WXKrk0CZRF+Fz38b8L9VMuhj+5RAa2nB/uJLo8ez1HPo0PRr4EnByQOZj1g67JTgKuUI7DwNBoY62MIjBbxKfdEiHI7LdYZjL3GfQMMNYPAXkeJIvcTKXGv4F/fz5dCEeyPZw7hbs1jCCZfjSiZfr9fwdIjE9ODF5CX5SPAek9B6z1HOBfBD+g7oN+WSe0EC2U7PcaWUbOZS47tGRaM8OC3wwl9Ynrofpgw/TC56JohyGXwGS5LCCFL/MP59Y6O8XFEzkJsc+zbye3AhRClLilEzr4r5b+lfse/q0gOXcFFHsSfg8Ox29Y/QegQ+UXNDOlOoN3Zp7Hsc6NzlszSBEgLa4H4SfA3BOW4VwRH6D9Rh6j14wNEGGG/BjORfs9ghS/yTy8waOykyuDv5p4Reuz2FOyyQtClKJl+FKX7ifdpmw98O8okfBq1s9WL1HqObQk4OWIn1CRp4OUj0PQjaIyzSFUJd0eHCVoSGmU6L9HqJ9D9Rhh+g/UevGGHrwPqE/IsewV94Upf5GEJlonxm/pUiPTIFkVEKIpSl+FKUp195v7Yewcu6JXeivkeo9Wd9Zc0eFDA3vR6ccb0cEcUJwJDGh+p6MbUbCxYt1j1cYWXmrjoYmz04FAhgRQTL90/sphZhPhHiEZPjCfCrCKKOy7k9ot9lOxYKUpRMpS/Xv8ADIezExTYl+hyNj1HoPUaMCkejrIaGzg6IRF0dN5tnWGhmvQhvgkNwpsbIp0amQwMsvBb4GGGGab/ALFB7RYKJl+8hCEJhMP8E9TCZny7zv6rJm4Qejyj3Fey3YsVKUpcUv2HZ39DX2vXzQji9giq8fBr0nrPAKmhiKeCzASdjcuYQeCs9AxGwsH64ZdHoH6jL1PRlYNLhpCdHtEUKJlL9rMRkIiImJiIa0QiIQhEQhCEHyQUHnshCfU1mn5ERqPeauT3CKFKJlKX6j+xZ19v1hD2YPcLmDho9Pwy9RoFnB2hvDwpCvYhS/BoZ9J6iZRow1Z6sLcfoegfqPJIND1NBNoQRWCl+qyEZCE2Qh1iEIInxmYaJ8oTCYm8Qnwnwn00xCPZ7S/ZxCsQqpRMp19919ymL4AkrWxrwyu89eL1COmVT32e0uhMpV8GhRMDse8SWkuTjgwy8Fo1B6YNEZoIrBSlxfhCCRDkQnwEGiE+EITM0JEIT4QmIQmHnv56+M+l2XByZ7DTyJ8iTQUv37x39t18ENh7T3HaGg9HyF7c1SnRxQx8YEs4Fx0NjjnE0RuKzZ7j9orGoyHpwtDLPowwJ6Jsm8O+SvyLBRE2QggliEJshMQhPRCaGhL4QhCHQkNbJ9eEIQhCfCfCZmO/mg1dk5s4dnsL9n5Z7+i/4fv6SyD2CrkiZ6PgLpw6ODrBnrYnt40NIWBhhhh9M5MTcg0e89ggQ0x5gywy8wYQeFwJZTFydEITCEIiEJhCEy1mEIQmO/hCDxPg+Mz4bJ8H9K41fjTspRYE+zi2LTn6aH/Dr6aFDFkqoiwWPVh9ObV0I7G7HQYc1ZR9s6wmDU0beTWtiBQLRrIwGGhh/ACZTExPFExHZ2NCQmyZhMmiGsQmJiE3hkIQhrEITE+M+M+k8z6dE/kTznHf0UNfQ6/jUF8IGmP4Q9OD1COhHgYuGDUPpnI7/C4GLvB7j2C9y0g6zDLDGgYewxN5QVdlQhMonrE3yQhDRCYQmiMhPRGQhCbITZCEc+GvoQhPm+fq9j5+nfqdDX8D39N/Rogh7MCslH8aN6D1HLo5YhHo2B0ZtejQQo8UpRSTR7j3GvnJ5HkrLwMssNiHAnMV7YU9iYnhYhCEITEJiExCYhMzkhCExMwmJ8ITM+M3/Akx39939vSi3NggsX8Sb6TmPUK6Gzgi+MDfBu4IDwuU4SmO65xJ8ivvDyJlhoYawsNYovbAhtwTE+S5homZjohNkITEGiY1iEKIRnYzvLRCYhPhPh1mHX09fDX1EM7/AJlMW+BfCnkfo+GS3dHhRcqPUejMsTDEUq5PdmPaKuy6Gr8A2EGIMMwmywWmH2i4iKwJ6+MxD9D4+bzPrzHZCEJ9B/GEIQmxohPsFwJ/N0WKijRofyqt6inR0BKxDvB6j9WF7jRMoNXxSNIhKP4UWGIMPYYa+ARRBBexSl+UITZCbITE+EIQg1smIT5waJ8JiZhCE+UJiE+l38k/4J/FfR8fWTEEE2UQ0hMEiRIvAULBaWmK9G3QkTR4TFENwG4DxOLQeBI9mPA1h8jQYYjsTUaMwTEy5XAuPk0T2PgmiD+hCHX2D4JmfCfRhD//2gAMAwEAAgADAAAAEHYfXP4eeNTHvqOAb/62u/jlGAhJBrtIDPYQQbaTcXDPaBOTd4XrM2MRZTXWdODScXVGAdYAFDQONJTMOPfbfYSRYNMQfSUd79/QzkEuu/0e8sszX009w0QdpfjgEAN7y/SQUfSfMQLAMEYUaOKQXeTWcefSSRTWUccdWfaAGNPDdTSZSUceccZPGWXffbssogsw8lKCTONAzjnkxw8r085a6SQw1BONQzw41zetNWQDMfXFSINbRW85+FbJUbcbfQQQVefTQQRRfbccecfZSUfRbSdXfPLhn2QHfvt+ojhd7wQLFSdNcZ6QZ2zW8FzqF/ccTZ9XeARAbLbAuksdimlG0tqw0/8A+MM+cnV3mUEEE001GWGOPf1kWHEcaIBeKcM4AD5r/wBwsktfOiMV4ABCzDimXiv9vrpq6RBvpKjL+XX2EGvwdlRgx0uokAyXby+bDLSj+PPTDDnfvDDDHfDDXPvf+sGvX/8AzCDv/PhnuT5upvt//wDLMMxyU134MGtkMbwtjvyZ28IHF4V3GueyAoYwz0V10Itc8O//ALvzX+/Tv3HLLH7zCzTzr323z3n/AP8A/wD37+wv2Y4f9+V+++PuCy73y8sOO69/c9NUsraOLsjhVhPlGJMqLrwaf30zyjCXlnby7+/PLH7Ly+vj/iOT/wA/7+r/AM+fffq9ryjsyyDD7vz/APu+6u6zyyt84x18c0uprNwV5gQ/a2SrvVzBuHL/AD/WxvqBlTC8Wzt/z8+9/wDO4KZtNf8AX/7rQ0Pv/wC+9kivv/B6+3LXDje8/MJbPgkYd08+v/0ItIka/mgxb2WjdqLSeZWXrp/nt9NtAJGhkMTjS4+v/wC9tbb/AGevbDDirj98u3HfHvCjq/U7/wD/AP8A88muqfs+vLPBYyK2+3RaafdG/veXfRfSX/AHWZIB27u2QR8Wey4ag89EBLHFHhrz3/v6X+/eLCDD7vuyWuGKb7Rg04bnf8/+e2y33y3ueTnmmdAURfTuzY+lDAP/AATIy0btjorjT2R5TfctOG1AJJrwLErzhJIE+s7/AKvPN/b6/Ao7L6zdBcuKI7b7T+O+qZLP7Jwbr7APdcgET1CG1dnEcUA5YXwr923WbkgNyIBcF3hSfHCjqMGj8wJR63kLDRqtLNeb77MEbKPb8v6O+99MvNlPfvdN88oaGOuSvBpl2qeusOybhtwvBZyC4V51Eq+5/AYRoWQnvvLv/M6B1FAhYZWypMwOmOJtqLKGOFMs/wD+/wCW94ci/rgx43377160LfweNC6MBfzecXkNYWVJXH23E2vUbo3OqRDIU+vVs72bwcDQs3wxoksuyYMwzWGfRDVKf0V9RQeXaYSTSVOoIgHOfMEnVZmUHWHDeJ8IVUUhVseFc46Z1dxVx2Rs+v8ANRDrRZc4RQG9BWTixV9GQL+yngg8i7ky2SFEf+PPFWkkEkEXGWPHtnFuEHaOVSo4mau9J01mM0WZRUMKDoyeqlBQzGMRBTvfDWyYXTVNUW3qEbr78aPqr2+xnEQ0gHfKvTvb4hRyjzjxx7ow5x6sLtUvqILW+rrlB0PAlof1d4MDb5rEcOI7tseyTTdcNgB2xNLT9kT9zZrqwyBUUZDfFt1rlZsNPCah+eZxbY64CQsjQON/ZtBDyHUj6N/pS8bfjVTwV2ARVoSskgWhZrGzHOw94hbCHwrHJVsA7jtn/DF97DDrWINHUs5FY0HbzPTa4/8Af/8A/wD/AEhcdIMaSF+3PTbwlvsAy/45IfWjzsiqweM1Ha8NSbx5NYu30bkm/tpAugQeZ2dVwQuWHDpFgjDEv4YWq/NNTXNMz7B+l3VmGoY2qoZpmJHMqiojb86/Lzc9+uiz3dvfOM/6cDIBgAmJIDIEhg82vL/+NBeXcA+/zdqABZXcwKyCxBukDpbF9Pvnn7xn8Lp2+99N0zyTJ9t4xqCVGYiL6/c0uMZpz/8A9fb/AO33mWnFh4UNLvthYXW23YWtA24byN2OZL50yXBm3X/jWNiQaHh02XF5xs0WVXrwTnwyiyD/ACJiC9tuLDBX9R04u8WXykWwry0g89sbb4bDrc8O75fgVSszQWGlIpbRMLTBhRP0l0njwT2/nL3N3YatneIM3PObxC8r84aXU0D/AP8A/wDuCU31V88pAn1D18jHi6JOP6an0L2CSRTglXS+Bu35QFBWWdZb5Tpnf039lUFzeAFcnN7Y73K5gAU/toRxTUY5bbeSDS973/CDBHpUsBDnblAQD6BMtx/N/wDv87StZVidOqJQDKyhaaqgXACoNqsMg7HemJvHK9GdD1+uL0RfyB41TWSuwmqyrOtCwwxig7jAf+XfLrvnvFzjXvrcLXgxDLu339jS0KMgq11sydo5nbRTxr7MglRLC+PmwwGiX06Hfy0EaTh8eEbX4CcbXcLLtEzRwggA9g9/1fPPPPPPPP26HnBuhn7BXsX4WbsDv7ygz+wEJ1pIXARKhS4m+VhfkeyK2xJBBTH+w8nsdEZCIXWPNsqtIJcHX7yxhv8A8Nf1nzzzzzzzyUl5lHYnOGrcJdz9/veNbFf6QJzl75JPAxWXZPe6ls88cBeDQp7ZbdmQEDkoVCrZX4N5LO1a1ifX/wDrWiCSBX99988888899/4gJa9K66d5vtVPITkLOW/IZqVOQAUpHui92SOV35BY3Hkveu67TXV1eGJqbgNd1gFWXeScBXmj/wDR0ovS0/ffXfPPPPeb3luWz/GY1ObsRF/7wjkrrP1v0n4xdzPcd+yMNwx32FsaXFDPiooovjfSluhwGWOuvJLZf3g9D163+/3BWIgf/fffbffbox3XhzVjrvbf6F/VOksv/mLWsfy/1TycfRXYlJqg/wA6KmFVByVb77765hPFNgkDRPQjUqGxTR0rbV/BaZr+soCn3333332w8pCZa5Y9b36gL37yx7s8zavq2tSFWZEv+XAoj2WITtoSYKQMRb76r76IGaAxOrC+Rg3p1/TmjSFgMGLw3/0kS7/333X/AN9/f9q++W3S96Ad7+3+7VRD0+8vWC9lTRLHqwnUfPlUt+14Y2Xm+++++aaCS80/MokXGXejzKzo90Kx4Dnbz/362f8AffXfffe/Wd/vr+TnbgMNvBv7qzj/ALnL8xbgAVIQSQg7iLXKVD5ap1FiL777767777r8Wp1dSIY0R09etuCuvhytN3C08nf3E00133+X377xCzb/AKAEL5+/vJ8yWlPnP8uVLpS8uh7vrqpyMrVXUyw+Sm+SSO2yuW+3eJyGDkJU8NQQZRS3rrBBIBqumEp9889tN1411WvM+f8AvA37bvuXNOf6F/H89x33HoF7KQGQ9tldeYPlB12wkukorqisssnkush9lJ47vexmFCk8zmpGD4R4NXI/vqNff/bFKNSx9/PiPfP/AP8AEU/C/wDPPzOn/wDpNk2AZUqIvBbKMij5weUKKIKZSpb65roJL5a+9CT+qTCmnGqVoEkC1JXoS0MNqkLf22ydHZWAPYkbn7wc37v8L/7uO90aBe329S/RzvfLspTD7OvVP4IIKaqrbYKKYY6a9sf/AOYi+F5Igl3p/CpL9PN8kGGscLNz1+pNfbPeXof08g+/6t/D/wBxH/sW4VfqeUoNywAwOMTFyXz8Vwggngrjprghtuok0/8A/wDOqZDToQXEhC9FasuFZGKxkI7kzNd+e798I9oyVYidbhs5qC15U/8A8px3Gsa12aev59MhWLcwgT+Rgjuvvhovsknvuhv/AN77L+7ZBy0R+5+pCsAt0ru0N5YUwi3FQx7tcnRmmXWvw0Tr7pfilTL8MSBkKDaLuIG87hn/ACtpKtrsSayCieTzOeS+u/8Av9ogggggohtZZFvNd4uMm7arA4YYaUAlMcAn7wff/XFV7316vg78cZmNU0rr9uRhW9OXNzPD1/bdg3WAgjhhrn3n8vumnqnsiksignrjpljTfulAHLjS29a1uUeglJLcPgpak7x5KXMa+4UgX6NWPhTVOVeIsjFrtbTnPuA7B/jVMUurnvhs9gssqivnhpikitrmut6lg4tOEY4QEcG3yPqDz+VEfsehjEQytNsN0eBJdhAyqeuBXPSL2zIwMhf+gsRyUji+waArrvvrji0x6kjhvvq0tgiujipoqgrsgoslqBIh20FjQDgrIZ75M8cTT+MGUW1ZMtOYSFEnzTCFJX59r1Pdj8eLDO2dyYftSvvuvnmow0xn/v8A/wC+Pa7SS6uuCCCSWDDTywp+WKK/ct8+kkY7bEphwbVcpc3wl/VOtefPbVKX/wAsq0Ue54m26bS7j0fBwcpvvv8A/wC2yGOuu++/z27/AP8Ao45qYIoYJIIsKsLfw7PW3WhfSyzwDiSLYYhi1a3UDgn93nOZRKzlm2oBwUX8aKx6UspF6IsShWv9dvf9HRJ777//AP2eP3vv/wDxjguggkkhsvi3rp8akSinaYCEeEYGMMgqjLLG6sGjagdlnl+mJfNyLr3V7umfCOrofmpH26Dv/8QAJBEAAwEAAwADAQEBAQEBAQAAAAERECAhMTBBUWFAcYFQkcH/2gAIAQMBAT8Q4UpcvKlKUpSlLwu344TZxZMf+KlylLt40peN5UpcpS8r8FKNl1ZfivC/75/jfK8Ey6ni4r4FxRfiXB5f/l3aso3lfwJjEyneL5Ft+BcHl2lKiP0j9IKX/wCHSFLwSx7coil4Iul1ixcbq4LXvQ1Qpm0Nx/Yv9E36L9BNlfRDErLwnF/7aXVj+CEIJYj7+W5eKUIR2jGUUMSO4EnbGUqFYmxOh6E/YgVP4/oX+FfJdW0ouCHn2MRSlKX4miH+Bwxjbo2XB7wPEmU/bZDHqWNQoWFsvOf7YTaUfBFF8H8PCn2NZSidyDRYbMaINJkyShYjuyBeILhQSIxDwo4MFMl/HSEyc0ua24uc5LhSix4ikJlGi5GhqkOL0NBr9JrRdcIRhiEIiIiOhLEJhtGIUxI+dJxq5L4FrXNCGufeziid4w3Y+yCFEyBoh9xxaRQSXFiKHUYghCMreiFFllZsjxKWaWJ/GvghMQ+CDFwfFPYJa0LYzoaIbnZMSIMcE+kNhvSisWJ8V2TEEiEIRaQnfEGGwxIr6HJiUQy8VxYvgWMjz74TIyPhMvKEGgyk2qIORwerZGs7FF1YhMoncLEhrCWTvIw+hRGUUNEx0JhiCcPEnbguaRMS5QhOUIQhCYlsIRjt5QipFGz19ifQvwMZ3GgmIohcJsuUQTLCoT7KkJ3V6QJfYiiEnXGMjIyQg0Na7Xg5e4JWJ7CMf+uY0R/I1cQXQ2UlLOxAuuhrfY3XxT+hCKhuCYveCYwnWJ8KesTEhLWGkJEYg1BqkjLDXQzooYO+xAlYmUf+CEIQmzYXpX0dshEJIgZCCcOZSMIbiCVGwmbiOqvo/wCxr7HV7nYxdCExiLibEEEylEJixah3ITJ3RkIhR0PwQmXENi+gpOgW12VPHkhCZMhCZCc0jpYdP6IJcKJ3oej0e4Qukhju8yr6hH4NQkN2juE8QdgmM949TKspSlLC9CFLBMUCkQQTYseUvFDIGhOyDSGg482hQUzX+FDrHYv0LeyvSCd0kfTi+xXdIcIbDYeV3pfxP5C/YVdHTA19C3Y9BcqLKUmImK8P+FjUVi/GXCCeiCFMmsWwYmGIGiDQyjE4IJl6NZGRkZGRkZGQhCEyDtjuIk8PTRB9kmpU84RGfSQkiQg+MGG34fxGf5H8ROPNa2f0PgkIDTJweejwAniEc9LnkMg6iXswvohOJBBsTCCQk6CCWJHt1kOg8Y1BoZSCDzx8lIQq/D6Q7NnqIV4QhDV9NHtIa8YmfZ7Wz3UIJEIJcEIiIiGrGDYNYK/Q8sPwi10kJFfhZ2HgH1Ba9Q0UC2nYfT6Z2C7G5l1OeCHvaP8AxY+wu8phNibKC6dn6CfQm1AmbFXo2UcYjDCGPo9Ihrsazxk5w8xTHv0foKCEhIl+akJCUShBIS1kFyvGEGz6PpB/wsuhD6PwH8j+I76LE70pDwWLrqP0airIR9uJnhj7dYmKvS57lLRR4f8AImfRMrNWm/so2N0N9EmMaGjx8K0Uw5ivsWCUJoTRRPUuxISRBISZCLIJc78TJKx9xOxh5Q/8FO2hsk6OwQ+vGfwP6u2L7keK4xz3i4L7MSEdHf8A0vqjZoT/AETEE8IIJC4uHgo2qMY3YxOiZOCOqCV5IghCVwmymJiYsIXNrF8KGsQ2BdHhs7TEPWK9CHE6MS1an0u5BqiGNaTv6LBV7Y6ZCOR9cI10ITEm/BdKxkvGOvQhqj7bGLwpeCoilRUUqIdDZcUrG88ckJMdkBCYqC9F4JYpIJCF5hZBKi+ZFGV9vwTUpiuJMghI0JnVH/Bfhvg88f6WgUpSlr9HqVH+HbBTxFPxFF4fyLyzErolR2Qu0M2u9peVKylKUpR2KUrKUYTg7hOFFQ+iYxExLFMXQhCEsWlKJwWTiudxH7V4dzPwxV2OCpuQizn3E9VDu0f4I+kpcuPDDsgrIW7/AKONtLCdv6H31hPaQ3OmNCHpiZSlylLhvSC43xQmeMfWfeGIchf2EMZQTQmJlIvBMTvwXguKSFKKzb+C/wD7s/gH0v8A8RR1bCGMRBRW6GsX64oeUVr0e8SHI7BdJNr+skT/AEPsZfgiMjwWxLfgl/Q9H0Q2yIaOzsrKyspWUrKG+y8KUbGxuuFxCZTwn7xdghi6H3Api6CePQiaXyL4WTwpN6ib9h9aX/R/nPxEcwpSikrKZqPo5jfpv/R/6LqLD9wSrwaGlgi7pIllvBjDYTGIaLKUpUXWxubN4Y6uMEJXwjRE/Rsu0LVc8Q6Nn3MFeGNRCyCQlFwpf8MXBqD7FS+zOxMqdXf+M8nPtfQpJBEj0Upcawfbl1iWJHoSJ32dDxsb2jGyjfRSvaeOXgULoTITTEy7QtKWiC9GdlE68PtjoX6eQJrFiCFjHs4340zrGghu7NCf/iB12S/n2Ntxv6Yyd4WleCCMQylKJlGMJhbj9WFteYsQxD9Gx5UUeNEIzs7xo8cIQTPwxJiZCfxiYUPxI0dExNiZDH06w+MxeC1D4TF8zC/iE0LoVq8374UTt/8AOjvNL+DSpa9vCly3yAXtd9g3GxRRRZZYr9491Ohc06ejUeUTng37EBMGw2TGz0VKJjHsI8C3pirwQyFJ8yXMfSARJ/8AoP6T/UKN/wCM9uhBpuEKN4xjy4sqxSBxjzL8JPuPOcowLOSCCNY50Tw1D/pdahDGmFyQcQniYw6ZIR8NiHzvyec7GdV/Ql/SFj40fFvKXKUdYfdu9HFdfK8liExCDE+BMTKMt0y/omilYoEOmUxTDPMsHlYfTsjwn2JfgkFxq+RvXj4sZRvnSjWHVz0Kww8IiLE5Aa+MmIdMaD7j61MRYJpjRkBrSYnDwGdW3UJlX2JTpiTYT42z62ZebG9uvKish9WfTwwQeBohMayEIREXyjEEF2NBlILwQivFIxo0MNDQuioo9eMb+9HUdGeAxXyQnGLH5rFwhdYxvaMfClGOnjGIINDJkIQhCEIT42iaQ9HQy41CFAmNHlOyIYsTLwbqM6AoqmULi2EJkx+YyiHxeMet6+FLjKZwOzNBoaIQhMmkIT/AmLDQ0NTFxSjwYjKIo895HnsWxO8HxYy8oPgx8njevGNLdatxqDWTYy5f8dExYaIxXiylxoepFEPqw5dD7cQxXyPZrxvHrGP5HwJ0WWDLg0TIQjI8T/Eyan0Ie41ScENiZcgw2y49rHWBX6I8MVie0o3wbx8HjHr2suUYsutj7wpjEmwhC/44IfBMTITJxonrDRSLBPO8R0+oBUhJlG8uXjS8Xwa2l1sow0GxvEMuPQw0TZ/jouE1BCDTITaIpS40QPsVlZUeYemxXRs+4EsWLlLryr4LjKMeNjaKUrw3rGWLDENdEyfEiZX/AIICog1kJCYuUEJ3lZHtZdemIOmIaFt3wvB8KUbGxtEDbKNjbhWNjZRsusiFZNQ08mTm9+/8SCQhCEJ8DINChn2IMH3p9Y8RiWJzTKXKUpUMM3huNhvis2jbL3RsbylLjY3lGyDV4sWWifCs7O/l+9RRBYaJt4UpdaGoJiePOj2stPZMVi4TQ6FGGYeGxQ2UpSjZextlKXGXKV6y41qufjq4v5INCeJ4WweLksiGsrKNXgy9KiWhKLmvRkffkCBspSlKyjKP0rKXH4VlZXkHzUuzJwmX452NieXghPhuzaF+NDp9i2o3lCMUpS6UpS4yjdxu7RvGsaJjfCvgpRfI1iyvCTWh40NRZfiTxqGrBXigiqwsF0OwmsUtKUpSspRtTF4TvH7lGhdcYTJxvOi+N9FYntYmLwg0NYn9Y/eMRCbWUMR0CZiKKYVeFeKUQTKUeIg+TZS9jeXK8//EACURAQEBAQADAAICAwADAQAAAAEAERAgITEwQUBRUGGBYJGh0f/aAAgBAgEBPxDCwsLLHyyzwyyyyyyyzxyT+HnM5n+LyyySyyyyywmbI8Mssss7kE2cyyyyz/wTPxZ45Y2WWd3uWWWWWWdz8+WWf4o/iJYWEllkljZZZZZZ1/IwWrVqyyySzzyz85zPw75bb4ZzLLOJZ5ZZZZZZzOZY2MngHAssss5kJlZeMP8AXQz+r/VzFKSNnX8OWWdy38OWfjzzfLLLLOPklkcflnMbLLPDJWU2t/rj5mCE+7L5K+iK+wZDAwv6sf1KfqUlWR/h8/Llllllnc8Mm98XmWogsLERIJH8y5KRja+RAMElliSzrT5P9spST/D5ZZHc/ibNmxqDAcwb2+4GQH1KsfTkLtkUoFlhJZZO4WV8vX8kP1MSrP8AAv8ACzyePMj94NjunBPzkGkZ673DiHDXRLLLGwsJiUhbX5LKRJR/DfyP8HbfJS1iBs8hvzkev3ByDAs8nLLIGyx8QyySeoH0wN/qnP1KPolkr+WxP8TbbTz6LenA2+OT/WJAQcGPw5+AgLxB3aRMDf0yn6nlFn5X87+J8Mn1bAwL0SZV7g9e7efKL23DfMsRz44OW2+ZzLO5ZZZZJBZZIn+k8etv8nmJy3Z/B3q+L+XYHb0jCc22xiARfEL7N7pviEGWxbE2Flbf7ibDC2wxFv4Ms8HmWWT7cHUbCwy/qUkGR8ju222+G28LbbbbfDebzbbOtlk2xBlsG/JD0Qnt3wyDJelvd6D0QffAwxCHAfA5klkFnkPdkiRbRsb+uWc5ISPM/hHlvNMZ+wFvG2LefDJm/oYw+Q2Etkf6idsK2z9r0z6jGrn6vjrFsMOvBDhpDbwOcLbB5sFkFkmzzLThvFbcWGUZR4n5d8QiGWtttvgJ+Tv2F9iDCxwcSG7S/Y2c/wDu32kR6W70+ubDL3YYFuwwwvrYmw22ww2w27bbb+DNkk5k8CJm8Fr+pv6spz1jn74+BzPAHkAl5nDqQn6v3xH6gvcLwxHpxvDV6fYLPaH1cv3d66BarGzyyGG28+s9wS/0r03qwGroQgvG2xFs/gYknE9SZJ6hDeBvNG/g3rHc2KBzG1ZZZ0bK+wEBF1EORNQNjBBZD45aZx70ttdyyyyTxX3nBhiPqMo2CykN/wCU3n/SC9o1EPABqICUPbI+tvsObb4snBw/ZJ+zJe7+PLLIDhsUpMJNhtILAhIILIOEFqCyzmxB2wn1GV2/SwGEdI7aNhIzD+jEvQ3/AAXrfVgPx7tsAxJD4sf6K/WrAnqIGO0jjX/V7EkVE2JxG9Xp01bxtrbM/JmZOhrZZ3PEUVQt21aQYCyOZEDsDYgMFnHo4Q83m22229BLbYYYeBQfZDYzfsP6SzYe9KbX6UWx35yODYhEn29RZK9HuL9l6Vottz3CHGnNtttObKfkvDJN9/hNWhe1hRQzgfUMMWQQIgFkHc5tsfI7tvDhB3ebel782NGxCbKPwiEXtFGcGp/rU4ep6IaXxvvNji5Dube3D3Lgsb0j6/3IWdP2t+69RNQfBm+MeBa8tll431ZZbb0g2Fu8Myc5+44MMQQeu7+E8diGL3KtPhb+m/21zHqtgD1e7c7rCjy/c3FfYV8BwJYP2BdCSyy+mhx/9ZPsaSr/APFmhkZQ4LxvBBgcA43eGLbLY4zffhnC3heFwxB76RwY+eB+A+cb4HyL3p9sn3WA9HUP2J+ZZNB2H1DareYdqyFMiEIIxbClNJKfeWbTLEehkZoP7iWzG7ZPjvNhtseCbWWXrUvPvxyXGETh0LsWdCOjow+DzfA8vWn29I+r6rqx+qKKPRCMeKf7hberS22IQmMg/aXpXckGv+M4YIf9oZOI2eG2+G823oqGZttpbLe7wzi9wbbp3YhSk22PkRLLfA7vhvnlvCcE/dpfrd6H0+0HocWHuH9bbb3YT6G/YJvRQj05CH1/u/aBetGW8CW89WFljZZ4La2trbbbbbxejF2ePM8GHLdt68McU2IMMQe4+dIg9Wc3zPn4lm4/eK/Ni/8AzkRgl6g9sA2MdgPhshwMhAyD5EKdhCY40vVh4pNtvNllt4040mDsPkwb8vZH9rP2eQpCLSCHb6jpEfhPxnGVttvZmxfcp+pPhlOHq1qo+e+bDwczicTUcy+0O9WWUt5tpbws8F4W2Bc8vVl6bWSwhk2x69+WVtGwkcIInyzh+M9W7LMofZ9VgPdYy/ZpItIdfZN9MD0Oac3m2+B9+TmUpDp0m3LHCyLEzHCLZbY8h0njP21t4+8I2PiOSl/bG/lPx5HqIGe5t/f6lfL6QD4dU8NzxDF9tl4OJTgcyEfFTWPjx/C8G/QyNlmWsZhGRZPjs09+McOpZNllngfPNYbJIIYvuX8PVka4/ZMsP3zZ4y8222G21mC8HaeO3wdrX82+myJDs+IsN6ZPNSQ+80DaSnE48CfLet9kk9N0sf1+Bl5vGzuy9SeL76n5w8BiZj8JBlENviMC9uMx8kIX2EgMe1r3PwJ1/KvXmnjsLPuTOjw14bXtrwm228bbb+JLIkMvU7sTSyTyEcAX7A/Im9+/hbXu2/gebPhts+D7kkn1bbw8sWLFspaW2rbfAb+RMifbbeZZbELDlvMsbPUHdkc/1C+G/gZ48fB8HjxfXh8nm2yyyQ9SSy8Yl4xxstvG22222/lSTInBeYWTfEuchbbLDj0c+cAX7HAflZJZxs69e5162sk+Ipkrbeb0W2G222cWLf4Aso57ib4CPXHSSyx7vY/si9hght4cziSWdeJ16zz9+b5MnSdlZbebbbbzbebbvmfjQyju8yTux7WHmdZMe516svsy1t6nM5llnX8DPgzbbbZNsvX5ei1sJ9W2ttttrbNtv4c/KhlHzw2zZ4bYo8Qmx7knxIfYv2jcPglmcTZMmZ+eKcfFnm814y22y9J5iVONt7vhv8ZDOPndyHmSZBw9cyySdtt4p7JvqOE/Ids6k2ScTwz8JfHZZbeLbLvE3quLWGH+ckzGzg5bsd3go7IsJJ222EfOAT6jSBaTJZxJLOJ7kknr+FspKc0ttOrwmwT3stLbbbeb/KywsmYxbb4bFBerCRtmdHPnML9wpE3mSSElk8SeM+CzaWLZZ4+G28eJJazc5ttv87LCSzuWWcG2Oc5ndz5I+mGAfYHmSSWT1nDiy28HhsJwif68Ltrbbx7vN23iE3XR/m5x4Z3bOZZwRa8d4F8CT6jPcI0smb0m2VrwsysvXiyb3Zt4stpLa9L9dSblr47/ACksksZLPDLODMeL1D5eltvsPFiyym3rNstttq1Lstu8222W1lm222fnSbCGeOR/MSybLLOZwOHc7k6cLfcnEDaMz9l48Lszzeltlnm2y5Lbzebbzbbebxj/AAWSSWFn485vP3wYRIQTRkk4xM49ZJ5tttpbPGHm8e7aWkv+IzieA/gzm+Icx9tImZJ4SSSyziSWczp8t8P3Nl//xAApEAADAAICAgIDAAICAwEAAAAAAREQITFBIFFhcTCBkaGxQMHR4fDx/9oACAEBAAE/ECpHWdZ6jOsbBDf8RVaLnyAsheLVgfgy8ZrymmGEylwooH4QvEK8FRZZeQvPOvMDWbrmQVGnjiFKUuRB+fBYF4ufga9hilvhRPCvwVyLIbKUoxS5KUpS4KilwYmXBilKUuKXIspYXjWWgpxXkAjwPfnwCxrpi8bCLxrBvkci8CvEvPsXmurPU/h/l+Bfnyksh4FgXkEvAFiWWvFLwrwxClfkN+PEF+KDHkMXyAwvxSBQsjb8oBheJlhnBePVYWUpHlzX8LyvCWEH4Xrl2EI8+n+EEL8qYgYYU+bxeRiwJhjfyGsD8xC8IX4gjRXlAvygHnGb5C8AeW8a8MeewsgrF5wEaIPBS/gAeuCLs9BeArxg8axL8OAf4EMhuM64L3zqvF76Pn+eHt+Odfg8GVPi7xILP3/Kz1T+KLKQeFZzKgrDcXiBPC4X8oASLDyFGLzGF+CIeCjY8C/AOIMXi8TNFkIWtLjzhIVkWCsWVkX+CcsS8f6ZX4oWFjQ0NsFBN4KyvwaKzl/wwX968PXkOvPKsJF0aZ14/Xh6KTIvNS+B283l+B2QeagvACDeT45L5YuFG8LkpS+IUuF8gUpfAPIUYqPxT9eEvPXl5QvYQeYg8LLC/A4LyBZWAw3E2MECzUWV+Ln14Sg8CLKKK8aorGvwaCZS+AQgXbFe+dKLPfkQvxIG7Nxlz+A+/wADY8hYnguC/AMvz0VSuKEGy4LAsBhMqxcilwpS3FwtFGRhebhBvgoHkPFS+AQeFZy8OWZWVUIPCvwTrQQXgzwrwdZawrMQRZTi7sqYT/CmxYkhPQjAgTo3PKK/NBerwleHL8Bevwot4VjeFUJRlWPyg3FoXClwpS4Pw4yN4pSjLMlwuRuiZzlOeIUbEIp/hALShNiDyWKJjwIPAgg8ilwosiwXgG4y/BFhoygyinShPELjQ0IEkOByJIQl4GfiIkgShYKogSCvjBey4HgWDQ3Fnvw5F0LwBPCwf4ABe3k+suQ8teITCxViDK/Ak8IUuL+J+JhMeVrC+xsTKMowsLBClKUpRMojopRODZS4UpS4TKLwBYK2Jmw3BMowsFKXBgwsjQRTuGFoTwvWNMTVC+w0DVsWgoLw20fAG4YSCBLJiNpcWHwvoLYvgSsSPDcKPOVZKXBeCUv4wsT8QX4MCi/F4jFwpcL50uXouWy+LyxrwpcvCOPCwTfZcFExouaTFL48l6ExuZuNDYnlsTEyjeLilL4jfgc4FAshKC1yNBaJEdEBXB6jSMCncZxggjUK6Ez2UGDgb9D6huuQaQsZyp1BD5CXwFMWxIXHg1MWF8gbFeIUX4AS8QMLAsKd/wCABALkmX4LEGLNmFKcZeCJ5Q0yeFLgvB635XNKXBPxoWWLFF4p8MNhDwTFoxZpcrCxSEhpDRaEoLIhCK4HduhD72f5xBQII2H8A74jjg7QbUGoCAjhDkZsMMNxJlDODVyLxIuKbCHoSjWENkFLm4J5YXgCF8QsiaQxMs/AAWVwYpYN9+C/gvrxnlSjYh4ni/CjWTzR4o2XwpQhiVEURMJhFLmGyUSw8ExPJvBfClKEN4WEEgnOSJISt8saVA+HStm4SEgp/YvURF7YaYwiAKdPIjEYscJcIsGhei8BLgf2KcHsG9cDTR0MBe4KYS8aQ6fIy1PClyyjZaMQ8JlKUWUy3Fw8tiNLmlGEUpfIJ5peF/LfKZg8Gi+KfiteFOcUonC0TmbhbzSkIQhBIQQ3Bu4S8GcFEMSwIMlyNUKQlCWgZ2h7TG3ISmC6MRKEU2IU0H/QciEBwAs1OMtD50dIboGbj7oN5j8sLRZsTvOKd9CQUOhDgUJO1wVhzwQHcLKYTTH4ExS5sHmiLl+LeaLeUiYXhwUbCfmpcXCeKUuKXEnnc3NLmlmG8Xyhc3DF4TCEOClFLgnC+M8KNUQ9jQs6FwgkJmIocjRC0LQUoDNVj1ksLUCCTArF7CQMY5YlIC4iOKHmg7bwUSGcgkccDXQqwNjTYSFoNlgJcsmh2NdHb0MCa4EzkLBDEPD7YPRRPCKUbLm5XCxRLFyni4h2cD2Qo3h+hFzS4uFmCyhiHh+TF4vKFhYfhPJeD8kUpfGYL8cGoTJ5IIpVvCWhXMQGMOeHPgVbEGFgkhmafA56DymdC06I3JBICV6CGFAcbHIE9iSwK6L4Y48RKNPBgnyJcFnJV0c7xCI0HIjBAbjo0igQwh8ks2HI0cYhMIX4HleD8H4mH4LBZDLcUS8lGMXgIWaJ+DGPKx9EIPFwfgkTzufobFLcUWjbxRcL4obzG4FQg2i0wcWge04wR2YslcCOD0inpcnBDtBJApSxUNKDtmg28H9xv02I6MSA4tCRkwrZjbALAn46G/Q+g+hs0He0X2UbwN2NBe+zbbkc4fJOL4Y+I/aKPDYAc4BeoVp0OivgfoNDE80Q8Uvhti1hFxRsXiilGLFxCjuP7IPLFwfibyhMUWH4oYx5bzSjZCjdJ5izMTLCUxBYhRIeheEmJhZYkJmJuyBq2FOHDHwOOHvFcjgaFg9GgmMoge41/ZaPkRQIkJWg/wABIOp0JntDOBP2EmjgQ9BPAcDYNxgr57HR3DZVjnnsUUW0UQvQ+A2uOxI9C9jkNBvsajZ6cDcVMtj9j0DAm0bzDBb5HDBPg4MPWiTyosP8HRRZon5IomURB5SmE/BPFIIpcPCvit5XFGF+C3EIIaxzwQmGxPC+Nwnk2JwuL4piYSb4GRd5thoGJRBj0sNbYNlSwJ4QqwRMVZXA/M0xSxjCPAa9hnaKDCQStYHxIJ4nVDlC5vYw0YNhK4GvLC26FQS9iaXhTCfNCrjo7CEXsX+BUXAxpswmkIlpB7CDTYbgnRL4D9OhpoJkaEOdCntk4Mr8BhmTzoxF8rmlxPx3wYWFKN3G8IeTFhhPEH4n+FjyXBMbxClzvgfeC8Dxx4J+VFyjXshzgnMDXB1iiGzA3RoNi4pARYeNYlB0F3FcAtCgiP2Whehbphu+D7s5RSA7Ax88IRr0J5cjeh0PgS+eA3DoT4EeeRDg7HycocL2JwJX2DvjCZsP5DuBS0NuxEWuCHRQaNORNqOxjUcC7iVtwIe+GEf0cYr2V2QE+y4HC4ac7lpEPgZRobaFgTFFosUpSiF43K8L+HYLCxYNdorxspRMSOBMQ3BMXFGxPDy9ea2cCeFVyPME8ph4TGJDwg80XogmHeEufE8YOxwxBzYTbgOoN4FucCmKNoJlKGxOlxHQXcS/0UL+gqxzB9PY219CXPBzYD4i17mGHzuBnwCmnWAQtDQESXIRYy7PZ/kNB2tgaLbNPo5DDsL5gVbZKOxHXKHXwCqdsJuxV7QFqEArxDBpo5DOFBTC2FrbkStuB/yD5HyGkuQnlyJ2PQ5KHY5EBoRi9BxonsmCFxMpILBF8kotHPPmmUpcvKlJhsuEo0MSYNYMJEEyC1iEwhCCwZCD35vWEsv8PohEwxBDyhiwme0NdMI5mpwE8m9BnINhsKJGuhIShIEudizDgezI0L6GcRM+Ragj9iVFIOD4B0HUKfQIthmnRWkPkbIV94c1eg+wvpD4g7oGND4QinoLg9BgNnTIxyGjXjiw/sKdPoaA0WlwI0Yj4BO7COuTt4F4C1BPZvRaD2G/AmddItYhi24FAcXgejQagjwJ8F0X9hrFAuQU30E09dkTGTfgN0A1UXIYIQg+RD40MRIITEp4rwXisLK4mCDEINDohHkhCEIQjIJD8AmEGiYRivgHgawg1RrJCEwgwg0TCEIINE8QQVjHsJO5YCLeAhzw22NRLnDEvgqfyOehEGMsw4bst3ijdEOYV2Ug7ez+pOzDczFyRqacny2Gnz2boIcMXpyhVbcvGEunQb+Aik9Cr04Gk9PgjTYxFsuBRroQ2FfsJtnDHMaCXplgInQa7aBK66DVob0eg7gj7BYBanBYG8BN7cBcrhle6E/ISceBWEHHCfjoJv8AQ6WNAHA02uA32P8AqE26RXyFGEjDachf2I/g4BFudDsaa5L4jwDctD3ZgxsUP0G6w/wUpRiwxPygwg0JYQhMQmUvgDCUxsMNZIQglhCZZBIlGiCQxPIIIYWBohCQhtgsCdntOSHBB0jYjaA6wJiNEaRZgSTbkbIJgzG7E5Qq0xVthIEIEUI5CCTXAtwP0ie+RoetoVQkhlb6CF7aDbouhjZ2KGITsUYDiEUuTYNpaH7J2dijbB22oJ/oyp8bDAFahu9wlbELoMdegSpTKafYiSazoJ6CZbcjqGwz6AnWLYdQSwRozoNdHwJ4AncCoSh/QGaUwcCgeMuUKYewU3YFOloJMcAn5h3S6FBxOBHZLD0DSKN94AetDWlxwFvBPgg9CeEPCzfN8eQYYPBPAIRkkINCRCCQ0TKi15AEIGggwshiEIQ4OcTJILYwlkQQpsKxBJBcMZnkNow35lDuD74d0OSGeTtY7TQ1whrkRvoOTBTbEboWvkNNOCFBqHgCjQ0KcjggGroaXCDei0R3hy2QtibkKNjjRSU9sWdgujOwNJbAnZyDPHRCQhe0BsEdBMq6J/YS+QUeueBtxoHytjTfaFsOR/QSwh/oFeuQ6jsbgK6PkUUKuNGAyfAfo9EFmwbIcB9iU0thQGz0HE6wLX2NA9sQ50uArw3CRsW7fIm3sa8RsiMnLihcYECOeDg0e0NRIJ+aG2XxPFCEIQg0QmITCEwmSEEhohCEJg0QSwNZQhOQlkmEIQmEwSEEiCCwNYe8B86Ekig50NxRxyaxh7oO8+B23QgCOJwN0WhhOh6OeDccg0AjYFcoSAU6DD0nJXZvsTKjYQY+B9sPehuJehqEKQFGh1ohehDBzsdhP0RwO46QRsxTnQ3b4LCTfIJNWxiZiV28AnRi0GboaIfwCHQE8OxLgG99inXIexvsVvb5KfZeC5EaC0HsN0d8heg9aXY1xeg4S7FGMl94ahxRLTgMN6GtchiHOEMEwJ9iUXQHOyOyuBOmEML6w4Dt0PgQ1a4m3BUgaDEzCCQ0THIy+IsExaINPJPCMINCwwSJcqCXI0NMSeJRiDCG5r4CEGhEIJe8QlwSuCcCGhDWIciGPQfIMGhHSPjA+zDvYRUuBNDQqeX0GsCyfAnlhSFxgPoaDUNvDQnQSg5h0EJnY3wGGg9hUbfPI2EiSo42LIcBvRwEahCZDDnoEJQfK4I06EdaDgGb5CZKoPkDRWglC9Hxgs37FrBNg/yDPTs6OzsDrQZ+g4vYx3kLmYv0DZQJfI1G5sTtCjpB644OUE10L2G+mPUINOBJwQk2gOAPOTXXYRFbBpgYh0N4fIm4RHY2wZWHCcDNB6plUBqQ0p5MGPaA1DUHhDRBISmIIzeRYH+AAgyshiEJ+YAA2DXgDCQ0LwBZDCwIJFyN6GgGp0G9DmNMm0IhaDPJTYQ2xyFsQg3M3wpfbk9gHybCCwb7GxnQgRdnoHgyH9jvY9HI97HIn7Hz5G+w8DV4HQjcM3+Ado5EqA3Yk+INtWFKkIRoGwA00Z/iXq4wCQbOhO8D2ew1FThcjQKBQQwX0BqDj7D9CbTALCHDFa04LA2Yagg1FGh+zcSdhtaOBB617FGhNfgFYVehdg0f7FGxhwj/AEG7dCArhia+AbJ2DrYKUB3ASRc0bYkFqILcWBG3WEysTBCZL2GsEfTJCHyEjFkMMLA53ghLgiCQ0hrA0wiENDEwQmSEwXgKY6bD44MeLANcwfyBhh5lFqGO7kKLSLC44xYKlqAe9BvmEwQZEncEqQgxAc4GG0KZMPY9DSCHAlPQ6SDL9D9BBKL0JGvIkg3fA1CFwVs5OMhtoxrsS+gfzg4Ekwev0c4O6jjktCdORHqxtw6QaacilTCXCNxUw1t8dDRUhXxyM+jgPkafIj27GmxtD4xJQhTCYbhaVrQmVDLkUtsbcGbC4HVexSHA6OkX7Azg+qCmD0VeoJ0FeQd/YxHYmA62BE2v0I75FgKS0FQYHsJSHYwlhwTt+Ag0IQQQaEiEEkyO8UyIMIQ9Mz8gWEvkBwQ98VgQ2hNQ2JLCxnIU5Nhp4QaoxIN5NBPEC2cUNsErkaNBLUFOsGDD5k9YHI4EaHZfZsINGyrZko0Qbgtj9oQKqfAhcCUc8YZ6Ow9BWiugoFKaDWCb+HQDSdIrT2I9jahX2KQ+BrZDNsab+jedDfgG7p0ImEUTbqhwp0gS3sfIyKDEtHAaeA6r0K9hPIndjYJ99DaQasb6Z0LgUFRbR8CZw9BpLY+k6O8IbhlnwPgdCbFxB8T0CFwHPkPRFL0HaMoOXwDLkKaDnAnISvOCmujtQSGcBSGyVDdaEFuA2iGOzQWhYDC1IxB4FkQ24NBpjCgmDTIyMgkQmDCEGJDTwJMaJhPAQhMtmvJyI0oON4DihzgVYMQP0Gy+BBqk9HH+JgYMlbXBXgfsNciM3wHQxNMJpcGogw/wMhjZDUpiISIp/hY4QQQGERsWyj1yNcDiD0Y6F2DT64EmGkajSQ+yOjsgOwYaYUUGhWmJwWhXSGi5EKumgj7DTkV12fwwN3Aa9gnWh4CH8hvEI1DsqTD1mHZxcEmZpyQ9CjDTDdwlRJCzgjLMcIMkKaEBh4TVaDUKB0MuhOQo+BDgJYDhD8n2d64QldLsZdQoejE0+MEMSyp2COg1cidaFJAKRDA4VUY0/A+BLRMJckIQ0wWRBhe3mAwshhB4H5gEEE4azTk2rDRATwJZaG5Ju8+IjDCnFBAavjCxYKJ4OTHczfhqAaS4NjRH6EPfQztrrBi4HLgjWxQ32zkPgrZ8CO8P+psQSXlArgvY6Dgf1xwbGnwHhRIPQ3R1YYTxWoH7L7GhzwJYhcjwB8w8grYTo7eyaA210L5CJbnQSkEPaFAbyEBO1yLuG2ylhqMNqXJf6CwIJNbC9eyG6N9juCOhtJCFvKeDFpfFicY9BfGFMDjnCNNhn2UDNMuBi+BUtvgcVDXRaBtIWj7QJyhEPYmEiIl0Nu2whh6OTXh8w0C+Qa0OODuFLCRBCEIQog0QgagoQhCEJiEJkhCYSIJEJjuewbkGp6CsAgFocgGMNoSORtzhZN4J0YkJsdYvkaE74JIOhC5G5FTSGmHJQl7Fp8BfI0OG4z0D4BwG6G7zgpr7QGEfag6ioTgVBsBN2OBRtciwcIEg6Pgq7GJmEuTGoGxvgNXToYGI8mmL3jmcj4Y7rwvS/oNehHgT8hahiCOgEoQt/AL+hXoGm3sQx6hCcg9+A9g5I8Cuz6FCNm/Qlu7FG2fwE2OGFl7Fo+M0SpBYJoaaHFH0BeQzgF1bC1GcBfyjXY2ClWuxrYiHGBEr+hvQSIfMI8iUQGghiGxB6DhQ/iEsoCYTCEpRCCRBog0JEIQhMGVAylBqkIQaIJCHYfAXZj7CyGiDWIG8bBj5FxBA5g7wIJjeTLnXrCy1zj148XeiBv2bF9m3oMLY9DbQotkFmxpz0OPY0Y1GHPI01wKBy9xDMa/h/s+Klyx8YIwC+zFTyXJ7C3yJFXQ00N2IaIEgkFvQyBjU2zTZxshwNdnt7GwdDvfZHfoSOUPGhL4BMshP6RFTfmQwXpDB0hL0xxxshuw1UgtfIemJCkItnCw4A32QGgdcDbjkc68EMhoeaUToyvCQdxhk2gRB8o/kGfyMh/Mfz0Gf7DT2fDG+4NKEr5MPfZHyFGmIewqGFA7gQ9C/YJ8Ye1OEZCE8gairnwEgsEJhAgwvIDfBYHICsegT0BpxuQ5cMsGoxXMU5GGHlHsxG8EdzG5YUHrOxCdAl5JQSDRdR9AoNxCD8VhW/Z7NBRxgbXPRzxwfCGyIP74Ayyag/wAAOEMf9glOMvp8N2D8g/aCBFkDwkJB9Vhql6JAg2DWQVdci+dMRdjrgf3LI0IogRQiMfdZbM9gbifpf6NaD+0EpX8Ah8dF8thGg9UH2ZqBsuzqBwGnwuRr2ELaC9DePodClrgNltQEUgk/kCeL4tNcjxBrCxBODbgaCcobsVhaD0gCiJU4ZAj3hrzwR9w+JDgLSWgmXAj7eCBxxgrFIaDvkM8eTgEHgLA0SZeCCCXgCEJkYJgmGse7k4VP6WSihYDkeC/GqLcoGMRXQ/spnoc8aQEo1w2FBJ/ERghjkQXc+HOJOtYw83oKMg5LLIBxffyiSQoISeTEdH8EK4/0p8MHYYFIfs3HBD5PZwc4NDH6FAkKNUQVgBFIZUDb9Bq76Ehtod119H8Jp4H6eaH/ABL3+hWJF7SEwRG30Y0KUxqx8cGk65DakFASQ9CuFwWDqfOECRwNxBbQScmiBBIMO9iGvwt7I5cjSBvgGz16GLnYTYrr2M/4a/YfT0fqCQLWlzjdHvwNMUQQqwv+TbrghDjEITKDCRCD9CeyIhCEwaIIJxOxLzN0w0diCHIA32HvYiNkg0weiCYibeRfOOQxTXg+FPnEPQG7KeKXiEApwxPyNkWb84aDXFHYWHcRSDUQQt30SBHzD9WjRT3gtlLmg5/jgI0rKaoEGGoJ0We4ZOAlChtsJOBsX38AFEVR8g0wHwM6ODANUQhbA8lGyHrkU2HQ1XJqFEM/QBg/bCU+aEYf/wAKmkf6NJiiz6Af7jkCSP8AQ6Q3y5K0w+h+0Nh7NvkGI5AshY0wkQBaH4BQLfYLYk/YygP9BoCkr0Tsa8SSZEuRVyzihLg0CEFjAbcYS51yPafImFZ1ChEvoYiNRwwvSFKaFI22SExMFrEEQSGiYQtkIQhMbHohTsNu2IoP6y0hm+QvoTUbBhXINAHoUqNHwFPkKe0N24D6BoDInCaN4RzmF+eTh+RaGmx5CwbpMQWiC0S4QQmEYOs69SlyO2hSKBBIoYz7Q1joRgPwM3YRxKx/vwAwn4H0IavREyOsHWGm3AtwMkEnR1DQL95hvUaFOuwG/m+B4dQkiL9Sr7FD2VrgWw8JjT7xBaHCegzHr4B/cXRt5vQiohfr/p9iFiFkPkvwGkLYVTsLmB1WCvTNShQT44GD0JXsOCcL0V42Q/as7IOLLCnBdr+wunJoHS1cgK3eA2uRVKjNHyMTnkXob12QBG46CAIn2Dvegpwb4EbPkRqHAR+xh7TF6C/YIes0ndjjeMVGCthMZTBCExCEGoQQaIQ+sJiEKHabpj3gdQTwSS5YYJI+MOIDeCIJQL2EhDY0EyEW438CNsko0goEproSbHjiPKUXtiDwhYSuILwonhMbxENISsNHRDG3AJASAWswV6DR10wE1sP7EqA0cYSRAY5wyHsBPsX7B0MXcKP++BSL1Am0Ag0RnyluX8xfQftL9D+iBf4fz4YiINDYgjGoGmHf0JcEhGhhxxf/AIpfM+0foIO/w/3hKHxFsGar0KrXArhD5gV+grgPqF0DfvQI3pcj4cKI3YSzC23FL1vsQXTewS7F80w0zF+lBbn6T01Iv2YKV0ivwEztydKJwW9sRMNPsP0DQAlubA/YZmmOw03sba2wTcBUShg1hZ8dC5igXqe3eJBlyMGuIQhMQhCEzCZSENxJ2bkGqBz0FIhsz5F6H8R3kbhsJJaB7CUE4NRhuYrZzGDE4bYNmg39Yo2MbQ34oYh5Xih4QfgxCENlGy5pQfAbhfSI7BJq9sGgXoexpr2NCQYUIjxHUM/6WR/4ZMMDxo436BSB/wDxZdG/6Ehp4f8AghzCCSQq0WCBgL2wptHyEmx7EL1/0COFA1i/2BLpyJd/Q15GDVQvHwhGBdhNzggmzk2GSRmP/oP4PcT9C3dPuV0JlgaaaegRW+UG0MVqENRfBGg1+AREWIWkK4CCXMao30CiHschCWjsY45diLVyJNIXoX0JCYgZsQczEXoJnuW5HwhCCWSCWEGiYghUpwL2KoL1DVIagN/PYmxSwTyJxBaHv6HBMoxOg6uRBBFg14M6G4cjGhcMGieCVEhrLsg/OifgKPCfiswTG2hB4ZYbXg1pisD5ioW+TXgbPRwH2RPY9gEVk/8AInNMYSihdWK1BCJ+gaAH5JfZ+yinD7Ia8MD/AHZQlFfaEM//ANAEOlswnYmN0fIgaeCmbfAidr5GK5XBfY10F0Y+ghnPYK63yF+h/wBC6IJ4dDhPQ/iHvfAqSY1JwK4BVT5LDgVbDghbN9muxa/YlqEPYjC2wR+hvTkS0COg1y4Cn5jfnkxMtjXS7Gugk+gt8YcQNNCp6MSiHBPQgeD2EYECUwvkaEwkNCWCFD1m8yWDFAH7jaGl+mOXESxtyL2PjobGiYgexuhDYtGg2Qb6HPJoLY9FLgozsKUuGz2JDHnjfgvBDyT8VwTxRMbIOgkQSfRS5GogPA2hbC2WCQR/6lAYts6ImdrBHiGPKdIELYFafIHMz7AQhPki6P8AQE/5hO6EGoLcF9C0nwPeh6Ex7G6iCdDQ6Xg4IMIq5Az1+8H+D44dA4+aFofwaFSYdAk+Q10hotDgDOOBwwmoavaC4A1XI6XQm9gfIBoPmGo/aO9Eg160H0YEPsFKcjaAkMfYxQvRiehWSv4biT5GbEktm4Qi2Yy6x66OxmnvB4JklGEIQaEwpvLwJwA3gcRpLSGwfAn74Ni8CeTQxs2G+i4+EPRzyMbeIIcDR6GmSG5rHeG4UTN4uF4rNKUTyZRMeUT8VG1aToKK74S6WQrB2mGhA0+jkCHxFWHBDWf9gGX2AlF7cl+8f5VcNZP7DOFX9H8Lpr+BHu9j6F2D/MIhRifsvkthfsj7CABNCYbHFwQwnIJNh1g7gDH7dZM/LDbQTAl/AF6jwiMP+AfA4mf/APSFxf8A/BU+RkYD9uMA6WSt9mnAx0I+x2D5DdCnwFc9j9xz0LfI+omWkOaBGArD6FfAEqH2KOA9BJx0EtPYS9LkStB/woO9NDkIiWyBLsjfBfkgcCS4WMq7L6YlOoJhOaLgeN4n4B4IUFrbNmEbSQpQVFjYUp4Spj1sT6Y0J5WYJeBMCQYQ8mG8vHI1DYcIo3crHI0JfiXkWFiPC8UJnBcILl/7joKPkPbBp4UgDgFUfNC9GA3d99l8Grg4JRyI/wCtJiABeMzcHXwDSG/+xG8I/Yax2DX9EA27Fadi7M9/WLHAwgsEwrQ/k52I+MUa/omDgxBrkAtoq9BnVRHP0RhXsI4B4b2jIjdgfpRPUsBpslGXycGAvQ73GLWDfY0h8mgV7I29uRcgGDdb9iVhlvoQioQ+wIfyOh8inPIpKEEmg2W/Yk0ETPYRdDqkchnsPkUdCSVHtwlwYYYfgKEITBDbF6hEGIjQz7xm7YvWGkJQgvYWxiRwINYuEGe2DDcH7KN0KJn5EPhDZiUOrEo1PIn14LyTKXNysPBPDAq9gtlv/mHUoIh0X7OBFegf+uAr/oBxeb0Ew1+guqn/AMLgLu6f3KRDtYEFhPwaJiI3IT9Qp/oQ/R/oBQwIvQI7QzhdCrjQTos4IYYK4GwmMJRIE3LITDuAOoX0AQiVA/uEZycQ+4NYfXpsLAjskakDAA5poX9hxRTYkfIR8Lg1oOgJdkJTIJlyJQtA49Bto01i5DtnoS/yQBu0FuDiEJV9hXxyJexItspCSVEFdC1tigYx7zWLgS6FOSIpxgggrh4mXgYYYg0KsYcGYQhuxWD4cNEyxEVwJehVnAg5oJH3hB68KJYrWxzGhiUbxHhYVycsvxapPBeVwvJZPJDb+sCYh2hFUuClEzXZSvjorEfQf2DZFIiV/wCxjJD9uLEXiX84xB8jZclKfqQBrTY8NhJp8ixBhmTgaa6F1FGwk6FyIXsGR6jFxyVoK65HdjGXydgf9qae3MpTrgEn6Lj79oRCz7YdieNOj+cBDdqGEu4QQtYe6INwQWuRiRiH0MNLcVnQJ0hr0OWuBRgUS0xLsaWwnd8krRLQNHph3r0WuORO2xPDAZ/BeaE1PYvcU8DQTPYv2C7ehdIgcfASgSILQ27rjBhh42GXgMINXUDgP4xQF3Bq1wwlQ2BjTNB0NQQkMTDGQgkMZMKMg0NQNkEnhlFOX5V4XDELyWaJo9/9lFRr8gNIBoG/BYmW8fdgcCqf6EG6W/aR/wDLrNkMx879DcgWaUdydbSg/ho/UkRN9ZQ/gjGhhhikEqCHyTpwJOAsCM9ld4C2jUwQSqXCkDL2AQJHG2Tesw8hjTyINhyCOhxwcIMNt8kGmemDgfwIEzmBMWDj2MXAx3+hbjAbgIkyY9DQb/saEimU2NJhxDn6EukSBWuBxgWjcakIaPeIoSEhUIJBBUqMNDDDwMPJPUcsNU5PEUHgnL2GjmED3nQgUUHMPISkMKxMTPYWXlCwMWCvEw7MZhIMZBDlnr8S81heI/CzTlGrQPrdnxVIgNOD0DX4GIYZFTSav7GN2PgR3f0iuwCoAegfY/kDQXCcHsrwXjwNXDgaYGcEd8Lot9kQQl7AU364Gmo5GGxzyCeIhwwB+4KcH5A3thLhiR6XIjC7TYgJ3CENMqKigwqDXTBC+hhBJjbAEgYJA9wLUH3wOPXZ6iL4BQgRO8Uv6RtvCogh6FA8SkFiSEIIVxMsssvAwwwVH/ipoku24/8ADkOBjSW+xHQcOyn/AEewiYV0LBDnZDTCiNQRqF7CJ8CUOcwaINQcDbEoXAlhMED1gMaIPWGqQ5zNeCRETwXmsLxInhGPc9PsOBHoA+2QQv7U8huoY9eTWlGAAB1VhD1R7/YxsJrYZxIwkAe5DiRfoZpS+VJiEGiCeDDoOwrRbEZQQTY93QOGGwDawvpCOL9paN4MTdk+gq4Y07GnCHIVwxSGwcEBWOxCjYlZsXoUQgaRMjO2EwJNjrgU6YvcS5D/AMB3scBXpsSwKZEGwdEIfB6llQpGExEusxLBFWKMRhhhh4GHgUFn+kCUfeCoxvwI+BBBNlAfystkAklqAeiwehP4CtWKYSPBjGijdOTQbyGngtB7GqNWJTWEokHGTxl/Enm5S8G75Li4Tc9+yEL+Un6v2EUybfadsHoZ/u35lMRjRy0k/ALWX+2/ZIrCl7/gN3EyhqPohxCfrMXwuKLQnhBceDVzyTZoVX0DWigesSkH7mulW3oT6+KGa4DkCP73gGVO2RoJvsE7tiS3gi0J57EwRvgaa5GhKnwb7G78BgnihJIODh7KPgR7EZ/0fWH6NAqHGimgT0KE4ZhRXQuYQWxBKC3yNC7oboJXAqxR3C6CFHRhl3gww/Bu6GFxUP8AB6CbkfQf4pNf0bwkcNh654ICsCQcW6dExcf0wVugkHA6Gw35GEkOuBqCEGhrghBquDQ6kDUTZ7D3Q1BUa6KCH4IUv4Fmfko22MVcja/fmJIkcCaCRhO9f2w22b8UhEuLQ/nAY5SV9jC8qy4P/uOQOafwGGNMVzEF/pRjaPsQ2gwTf3cElP6JTfAH/sf6ABSFbC5A4FebRWt9iG3jagl2NcDvQfQEoboaCnroXgagwcDRnIl4IWylFoF9DXRCQ2PiMEqJXtino1hEeT2EEoXN4A0EBRiCCCesEEJ2JYpTQTBrJNfJTRrbmsJT2wH/AFhGJAXuEgvSBo2KOeKwu8M4DfBfwC3ph1iCGQNLLXY0Sjo9DQ8mFqGIIEGg1hEGieDQvxrwn/CXwb336CQnexk42+QoJgjH/wAhpBP4Bz/4WFE8r2H9m2E/oc9beWUbuaUqE52Z/wDQetko2S0/2P8AoRA0NCW4B/4H4u8AmFUwf0vwcaPD0NYmGiUaaEx7DDShj2XA21D1pjRjV8DsXSID9MNehC4OA8E0tG++zgawSYLn8CiCJiN4r0FvIk1A+BG+mKRJG4w8CQ9mBIthIxIsEEGEDVESIEVIloaGHggw8EGJFemWj0d0CM5+gLCHoN1yNuJkL7KgnLJnQruJbHAe9B/gsW4FsNZao/QxohTbwJQmTfgh5So9fhWV/wAJOUSywVoLK9ydBj2FXwOU4+hKMPojZFn+CejeYC4Yx+SAfxcA0MaaOCAS3wBqhegL4ZkNn6N6I3de2DRRMWDFRL2JPFDaeFToKoiDZBBZsQ9BTLDfvgSa/RrsdhDYxhockCt8iPT0Mx8xb2aRwGmDQZIfImUQmNRiYJFPQ3ohPYl4E9iBYFmIqBI0EINDwMPA8AW6vTwex/Y/8Hcm+4UyQBEsJPQ0NHcyWNDTDNQiM5DloOIOCCR6F6DGXoag0MJCkw0NzBijxYvwT8i/4dKV5Wi5pRso2SC4kemEbBt4fAmMbdv/AII9C7c/SntHv94PTJD5cYPKNAuNFxRDhSCwRRKkhBfIvXAhchEmwZ6Y10xUH3fQ1osBqgTmhNcjTkbfQtcnGiTYnR8hBIU0x8wlICEFXJXRaGu8Skggo4wK/AaxptBwKhQIkCaIGXghMJhVaIXu8rZn+wYl7BNtlhr9d0M0JIHMxA5QJnsK8NyGBINPBW0KRlBH4GrYFINoeDeKSOxjYbF9jRDYN+MJmD/CvC/8G5v4IdTGgxAKfIS6XcGkEeD2PSo9gbhoouge/gZUT6RWhe5h2hTyf4PnAyIV+4GBFFcB/d5BSlKUpcKUTL6EQ4FsQeBD7dZhT5G+iOg00NuBzoMciuQ4DoL7GJcAnwYl2ShKaE/RBLyNNCMmBISa0Uuc0ErgSYkKggsCQkNFwKiBJ94CoQhBh5DQw6GKPbKlj5SRveMX0zDgZcJidm/YicM9/K4CWFKgh6ArJk2J1yV5KtC+fhwMRDjkrGRHF7Y/Qc8+KJiiQgxrybmViEIQngX/ADph7ZYglBf/AJASwxyT/RQCXZD6cGMOWX9H0HQ7cB+htWJMqIhe/YfA44/7UasC+BhS4oilKyspSsQ7AlFsWRGNCBhWR8xsFA7RswcESo2Q9hwWDzkXojXJTRySCwkIKsEFkQCwvAZSwhpsQQSCEyQhCDRBoeCH2URMkXb/AEjcIv8ACAnXAqkLBxK6j32F0+9Ab2X7P6fUyK/p+3FyOO5EdglHBEdiGI00VchTwmyOSLBRwO0HNbCntBIbQxBvCcGpRhhvyazRkIPWL4L/AI1Lh4pRG4W2Sdv0/wBlrD3op94B32EsOCP5y9kFlP8AIl7tFqhzKg4Bpkwp0p4uXmlxSlKUpTQTDiRDUThuJhDmNdiEfTC3olspvE72VNMJMSNQ1eFp9lCQglisCoQSTENBVhDIWCPwK0IMLJLFCEEhhomDwO6AQJXPcj+8qojFgonWjfBNCYSJGwkLk75BsmfqP9migxYMCOgxFIJ5CqEU0xLLDEOQvY05NUCWGlBI/kbcCgfYa7GsGJiYeGIf4Wh4XnfzPEwxoiP7Ahi32/8AB8aX2Pk3tXBFpmewjsKr4BgCjAloiq6cghV4fxCwNkKXweLilKXFL4UTL8BU8D+BJhAlcUIKwwgmyVYwWB59VzzjDeKG4sFBOINNgvCCgigsROIENuBFee4GsGGIQ/8AKoMbRhDeyhANx4aCnBVMEOaLDhArqgTi362W/wBnhyFQboEtDCZTgbInyOhpuFakBye5a2HGDpYjdCDYROhDwWYYfgxeL8l/xH4LZxpkCQAsBZsGPgopKfR1JcZU5AOw6AeIRTsDpqpmbnzUuH4vypS3wQsLFWBMJm2QmdQezxKNBvgsRrkY2HAh8MVgIoLARWJXgiigsBBYF2CTwAvB6yyCRR4H8iQLz8PsPCiIb6mcHAkQEFOBiARFABYHXZZsJ/sMT+Rf02s36DiQ+DDkpCTJpiXlHAxF8g1awIXyF7iSHoPQssXiyfhX5L5I2WX0nQ4lbstjEjCM7cOTCZRDyB//AHPXEQF9hTrRGr4kfA5bNfAHzN3cHXTwxYfg8vyeJleNwtEInchJ8BXgQKCBRFLdsT7HsJI22Lvg7PUYVZV0NReBoLAQ1EFOdBBFBFFDcUm5pgs+E8YTCEGh1P3hzQgmV4No7cxhchQbyDcbrk1OA4T9i6FIhgJMUTKMITQr2j/Akh/QFhPNgehqDdY/A2thND2NGVwmodGLgTBUOQ0WwzlcCvkWZ+EyYixML/hf/D8lD11v6qenHb/wHOTCakRRo9JHko+lQ4Qj98CCojOIp6Ezf7qlCS9YEPwYfPm/J/gpSlKVieQew9uW0wLYkNxGcC7CRwBTgkOxTk9zcgIJCKKXAsaCKKKCWCKO4goFf4usITxg0Q7rAIstplYQb4gJkgHLkVHliKQgimIYtFIBaA3WGGEuGX9gmgBaMBwNh6KuxhomGnI9o9jBHxhQNBDgUCBKy+EzCeD8Vi/8ClLi/wCun7vE9SPRHhdM3yPn74OdvKcypR+TZc38LZRspSlFsaKJ+xPIIhTK7xQH/h8BqI/yLcjUIQXmIorxNUUIKsheM6CC8AXgmjyf4W/AgCFbE8kGAPGgjZgxaC1C2eO7kaHtEvQ1Em+DqDVhIAXC1EniQP8ApTDYiOBq0xoC3hCEGjGbcD+RWLsa4LfyK0sCrwonhZfkkMQ/+K23s/QOwqCgbZRvwXg/J5eb+F+LcKXBIaigXV8HcfoDOgqLaFI76NueRbFGkSiyJUSNvEsowrgSwRQQQQWFFIhBZCDUEqTBaeLwieLY0NG0HFSgRDFAAlhbIEgNVh7eoP5CTAchjtBoGxuUJm0TQQgKLcxuY8GWW0UaJgaaWCxEb4ceGkHhMuRsM1BwGJdIJEE74KX8C/4rzcb8V4Pyf4Li+FHhspRsouEPDZEQ4zKYSKsDYIRRMJCQkEEgnLw6YEEhIhBI5EEIFgaiSEgkyFXJ8MNPwr4suIf9JJgLkksBAAxRBaMcNDRBD2H4ADQYZCcRpVmNBWcMIAYDCWnBZYDQRDdEuSAy8VDrOzwTdGK4TJ0hfxLRPxT8UGphDH4liYY/B8jw8IeHh+DINfkBRCbUS5Fi/Jxy1Hay2kJwa4ISFWEghJCCEqJCBRhISEvAEhIQgkQQSJgkNEEaJ+Mhsvg9lm1zhDIbsH3RuAXQHDQWChiwjGO0N0NVhHwHGJKsjAfKigAsGVYNTA/d8QHLkb0OB+2MxlqYHWJtg/gSz37EGxD4w0vnMIX4EUb/AAJ4aEMflSXDw3l8jw8LwZPB4fgf4aioTgiIxOlD+8JDySY95FgkISCEhINCQhBBBIgkJFMEIJCEEiYTEIJE/C/IhYXO0KP+4GKf4gqvYLA4MbkGqtGTEnzw2QXzOOwZAthC0K4LEHz41rgEtTF6hNdSN1oNS+Sg8MNeCEyDUP3GoNW4FsKeFWLwF4L/AIlyx/hNl8Tyx/jMLD87kpcJzAlmS2BbFo7MTCwRBIQkTBeJEJYJCEphIQsLDQliEJmjF4JlvDYmPHIhlLZI/wBmGOSB9jZLYtsFMbkHd4ILLkfYY2GFYjkLMsGRmyGiY2iE1iAE4BCHRcsKjVxin3YjwYDrF6RwMGj3aZ+oUFYgnmfhhCEIQnjCj2NYZ14rfg/J+DHh+SKNoooeH5MpSlLhPwtdAtn8Cg5jHF0xRcEsEdCQtiEeEJYRKPBiEEQhMQWbifgY/FkJ7EMbEN3Af+YMKZAHEHs0K8CQC4CoDQhvREDuDejhhRZho4OKIxh0BcICwtOS1GNoGLeGcOEMLMBhh5ilmmThbCXwTNzCfmg89eKcL4Pwg80o8decHmlGUpS4fjSlKSJYH8d4CGL4xWLYGuCEIISEEiCWEhEolCCwhBIWEQmSZTGQYtFxSj8XsgxPxRW4MG9FAKIIbCnBTQdsBqApgfEBRO4RhBROCBsR8MdCsByA43A4BfKQCmDvWhfTCuhxhljSGFsLgdieyFoaCyEsSEcU0/BZhPKEJlYfOUNZSIyZY/E/F4fHixYf4y4pSEHoqLhQWhDNGSI88m88QShYkzkIpsJ4WVhCYUglhZQ9FEx4LKIPxSGsEMWX4MfgrVLQXzCBCKLYDFzAW4CNGIh7HKyYEKewX2NJRyMZ68IVsK4DYOjk8EupBcYAm/YdIJdI9gU+B6DEOdFB2PWh7cEDYYOeBEPQWC3lVWVhZfP4HlkEMX4X+B/hWHh4XL/4Q8bBkB2MFTQW9tjpFPAYgMJwTyTEiCOReIsNm4WE807Fi5pxgmKMXkg8LxVNGhiL/Rx7EjfaB7gT50OQFlgcM1FeRDeCMWw6JyAhiggXyz4hUczgUJzmN9gllAt6C/GDApiT2OxiOUYph0PkqWyV5l+Fi81lwMY/F4fi/FD83+R+VHnJAV2w3SHuKRhnMgmJzIJiYvETDQxaUUTwnlcTLzJ4PZ6ZFijZSjEh5Q2UpS+Con/p3OTgFpoPsBvYpA3K2NUDmh1MdmDS2h8lAOHgqNCoHL4A3GwhFoaOw7IBDwkaDrBobkLceIxoLYQwmJPTFhXCimUW8r8bQ/NRk/K3PJE8zzZ4rDJ5HhbE4E+wcT5OgOWio6AthT4wJiGEJYUTEITgtjZcoLQsrC34cCZS4RMJwlCjgTxThcKPWL4LNODhE/Qc1P8ABsGA3kAr9jkEsJoGbYPPWgdYKpphwmAI4iWPeCGKweTRC4BmmDQpimJfI9AcRvMdlxh434DMZ8DOQ9sFdAKEsoIIUoswg/CYg1iEKPZCjZcNDxC+beGUpBYao1rxfhcNjZcKUbJilG8cFKQwreJBLk55QJ6CXvA14womJiYhQWVF4plKJzCwmUnZPCnOXO/C+NDy8MQkMUXjR4KEOUQNnR2PTglQ6EQl8iCYS6G+BgWXAL56CNA0jkJBKxslwK5DUDXhuBx9RuHsOPgIKnsEk088PyOBqFNDgMaqQTz4FYsoWYTFl+MxKNTLQx+LH4vFy8PwX4B+D/AeHl+TQbpDG3hZQEvgLL1YyCCYmJiEITG5ghcGL8J15UQ8dMKLFxcXDF4PCRCkxSlGLFkEkEoYEfUdbD+tCvI2oLBB14GIKISwRpsxAVxK7LS9dDSFhvYN4W0THJiTjoIYjnhb+I4oFSQ8iEGGohhXRyugliGJeUmJ4aIQni8UoxrwuH4vxY/FFKG8T8LClHi5ZS+dw3AnfBWw7YUDthGGM2YxPDPFcgwmIUQxIWi9CY2I5IUuJid/gg8dQmDeL4IeGy5vjR+CZLGAqCJ61Bm2g9wR4PYJ56HegVpDfBskLhBijE4K0YDfYwhyUFh6Fbi5JYJfIUGuBL5xEbHqHkxfeGgkcsgZvsJVI4bQ9gLTRbChRPyg0dDRMvg5Gh5fg8TxfivwHiYex+NKPweyHA6KPD3hYroNAlCfnG7vCK1QnIWp0MIJlLgnj2ExLFwRS4XyeUvAVYEGheDcH4tkxctC8Gi9DQabahCGtRSLYat6CGmHrQcwFaPDRjrQIh4a0rRDIYBHFBLEi8Me0IBnHCD35MpEFBIV2ckbgV3gesasLQoXE4Q6HyOC2EiUQo/TweEWjXhfF4mXm5buWLxJDw/F+byh6KNjRCYSFA96FiiYnyPcP4hxUhgjiLfIS9lMCFGxMvgCFKWCZcryfgYjgTGxjFhMZcPFFsZSEPjDF5pigaK4Gm1mqMDXsT5E8FfATZYGcMLZQHwwJC+IWgjAxuWCkZ0KYI0BQEPYTTFvHl9HJhyDFcT0DueBvziUz0IQBSFioihS4eWPxY8sfg/B4eb4PCH5vyYvkZoow3h43hINiQWS5mg6QxDitsFMKeFYm4ghcFgUJjeLhRYQhClpPFeB4azCjEXMHhYMSpIUpS+FFIw71UOJA3DY7dAsFMzakNKG6UMAvxglQ8r897YNQVwR6pERQbYHuA7bgbF0cBiQNXgJY0vQdhq5C3oGERIX2hbN3gIjAKiKFZBFHl+Ew8MgxoW8NevBq+Nnk35PyWCWEpBp4IRBXQjB4EHsS9jWFiBRy4N+9hqCeYXILYQTeAJiZcVg5wmUXgnCkzyQRxooxsWxon4VGy3wZwXFzSlLhMiNQjxQ0jgTT2F7BLT8GMp7DYhzAbqDfqMQKdDd+BwD1ILSdCiBYVsxZLY5EXOH+RokEsHdBvMVENY1vYd0GIGiwhw8k4nQS8IQWJCjZyPELmUel4pzFLmwmKIazfGeEKN3whBEyNinOBGYaohchCZXgmLO87IoFi2LYIKxUUTE8irBYN9YZIW4aYtDEXFwmUtwxeFzBMtiJRrE/Dt4TIesTXOBMbBO+gYtBGTo7G8CoaphqQGIJGJDcFQWCkKVEvkJY9eKaPoZpi2JKHA1V0KESGH1DigNQp8DsRsGcJinyJfBTKTExspSFKij3hjEMeGaw8PC81xViEw/CYMSjEroobEIS5PhkR4nohRQl78JO4KeB5MBXkaELC2CKCziwIJlOhDEMRMvwIeheTwvwwf5biCcIDkEGnaHfAV0HktJWgI2wMathtXoNoEMEKlzioapTkQxfLBh2IFPIkLQkArQPDVzlVMuI8aDMFdCmLTB/PAsIrFguWPw3lDw8N+KHmeAg/UWJiQQKwghaIQ2JCHGWJSDEwstCWGLHIgqEobNhNjlg38sAskYpBFBBYExeJ9FzctjJhui8C4by8Jhm80T/JQilw2JtDR5qNXA1nIRvhoPRjVCuQ1DY3yFuOBoGOHBBAgmNYMVKcjJ6cGT5hDGkxb2FPaHFIe0d4hhb0IjUMuBLHwjni4r4FWC4eW8XL8Hi5lwSxLKGpIIT34izUccCrnFobEkmggjIiISh+gqNCi8FiZRMExBMHcM8kMEsLeBWLERXisgn4UQi8aXKZMNYg8kITCGvFrF8IQhMLQxCjEOWE9cDUhVOGBQlhpoUG8bD1gltQrcKJDEVQ2PY0XLi2J8joD4BL2NPEpYchUmPSKchTL8DlsY7UdQvdYefItlEIK8KJlLi+EGQSaGyxUI9Sxck5C9eBSckMmGvQ11gkNUgmBqCXeENUd5NSYIhhQMSEsEpiXBoSFvDUOcU5E4NQ5DNw9chILYQECIrykG/OzDLhPDeUTLGJ+DWGvJGUQhqCKbIMpS4uEM6IERi4KEyeG6yquhDkIeNrmO/lhZQJfIQCRLgboxlsCxFhFeQ0JQ15CXieHOKuJfQiN5DEK5KkdifmLEiRiMe8LhcJXCxuLBWN+iiilsT4ViSIye/BNLog8C8tprDNsZcGwoJhDZRt4YlmBrMZQlMPZB44EUQUCdGuD1yLbBnkN6RULHZoZBLLfg8ob8UyiGdCJ5qIPMGLDEpliy0LFwgsJzgciO2I5BOg4IkK+LqvYCd1hiIY9uPVYWTC7Cw1od2RcmLBfQWE8MBbSFPggIl8sh5D+YdwMnG0VoEjYoIIOPAV4KEFWLsfETkGiNhg7FiZckGiZH7EDXTB0MIQg1cpYYtjXg8hoRgvYaGhrCEJhMoMLwQmQxZ2Ji2FEkauFG+RcXNKTCCGXEEhaHii8ITDRBrMzcU4KUmKUgxBmh4Q0LFGLJvXGHPjCEEvxvSNsEXGCz3EMwserMR0aQ6Bqg5ovwEsNCGQ1PgvyegevCah6RHY/cVEhAjhJkhqGk4EgigoP8h4Cxsx3kaE/hEz0kIQ8rXgaoURA1imwykyhCCQUmLWIQMNQQ8EiFINCIQag0IPwLhchqHoZwDVt+BnOJjTOweEylzRlLlODyhkINZuX4QhMM9vGi34oMKZ78C9WdIuKyvrC3h54OBYH0X0xIsdZEIL4BsU4ovAt+wUwPHOEasS+BLPQMEj1ZdDGDccDTFT3FhHIryhVgVCQSEDsFBQNUmLgezYgb7IILBCBqlZkuDxsTwGg94PeIQQmWsGiEJhqi0c+BLBbJlqCEspwWNKxg/NR4U8YQSLg/xwYsQSxCD8WLKQ8IaxwLwmFoljhjS9Ma48SHjSziF8bnsK5bgtQxDwGhYVsNPOgxbRyQtrE94UwkLxsMDlkaYTg9DfkSCbR7jhZVQoEMLQgR0LvhMLLTkbdDd7ZKxD9ivEBwMNgjIQgglhpsaGsbZIccjaysiRBpkfeINDWLiTIaxCQYsJYtaw/BkF4JUS/I/NDWVhYly/yplfNCBLnwSYxLiyfgRJYKfYOMCkMjC9BbYdoEaK0PAgzgN2Y1hQFPkSM0LluBiJ8YnkdhYYYYVOB2FaK/R3exPwHmPG17J6wkNvGP1kangXGDMwnrJ9yYQahBhiQmEmITA1l+D8Xii8noQ/BD3lsUHlREINQa/CvNrDU8IEhk78mhm8QavlMpkL1JZDUypi0IfJ6cksRFcOdYPgGoRHWDOR6BpooTbG8ZuKQCHOGWHItlNrLu8EUPCxckghIMeLgMXplSoooIQPsaJg0QMQGg4FQ/QspDQlwfgAkgkH4BYOcWYMngaIsEqMQIa9eFw0hDSQvYaRCTke3436NMX7HJSlL+KkhRYnlB7EMhMQWsp0ohjeUrhE8L4LQmRGZOl8iaY0LiGI8NSXzhhD9hEBAQ+BEYhiGEaYKB4HBL4L4ygSsIKHvG1YG4XYlnqHPOCtURHsxrhDxL3KC4g1hLwNmJNaYQJDUGqcDaeNiYYkHlHA1iDRBiHhDkPwCEGsQhMJiEweSipvKnB7JmYuZlidGo7BL/AIExS+CeLiTNzMMQ94nghky/BJkKhtYTgg/LqY6yi8Xqx0PYE6vADyk+Q5CHIb+hqEdCgW+cOWC9pbI0CGNCtno8QRyIZxhqGiqFGT5rkQ9EAiihSkpJsbux0MMGF3DQYawg0SjwMLIGskGTLV8AhCYQYmTwaEJmXChIYTExB4eULwMQxcDH+avyX414H+QeX+FDh3pDvSPWQm9Fb5G7lHoHuD5p88+eesj5g7yb9P4aAIb5/wACUMp9s+ee+FLhsaRBxwUM1wKcQY5g3zD4gzykfHGPZIRCHy2fKFqDYh8tjT2z5RpCIPctilwxBZwJsesKJFBrlITekOGCYrKzbYRBogx4UV7CINBAqHrjEWWkRDQaDCGIiIh4iIhpDSIhpDSIsEEWGmWRhZeIjRBB/9k=\" data-filename=\"iphone-x-oled.jpg\" style=\"width: 100%; float: none;\" class=\"\"><span style=\"font-family: Prompt;\"><br></span></p><p style=\"text-align: center; margin-bottom: 20px; padding: 0px; border: 0px; vertical-align: baseline; line-height: 1.55;\"><span style=\"font-family: Prompt;\">ปัจจุบันเป็นที่ทราบกันว่า Samsung นั้นถือเป็นซัพพลายเออร์หลักในการผลิตจอ OLED ให้กับทาง Apple อยู่แล้ว ทว่าล่าสุดสถานการณ์ในตลาดอาจถึงจุดเปลี่ยนสำคัญเมื่อมีรายงานจาก The Wall Street Journal ระบุว่า ในเวลานี้โรงงาน BOE Technology Group ที่ได้รับการสนับสนุนจากรัฐบาลจีนกำลังลงทุนพัฒนาศักยภาพเพื่อก้าวขึ้นมาเป็นซัพพลายเออร์ผู้ผลิตชิ้นส่วนจอ OLED ให้กับ Apple โดยเฉพาะ ซึ่งจะมีตั้งแต่ iPhone, iPad, MacBook รวมไปถึงหน้าจอ LCD ขนาดใหญ่ด้วย</span></p><p style=\"margin-bottom: 20px; padding: 0px; border: 0px; vertical-align: baseline; line-height: 1.55;\"><span style=\"font-family: Prompt;\">แน่นอนว่าการเคลื่อนไหวครั้งนี้ ถือเป็นการใช้จุดได้เปรียบของรัฐบาลจีนในเรื่องของความสัมพันธ์ในสายการผลิตของ Apple ซึ่งกลยุทธ์นี้จะทำให้บริษัทผลิตหน้าจอจากจีนมีศักยภาพไปแข่งขันและแย่งส่วนแบ่งการตลาดชิ้นใหญ่จากบริษัทญี่ปุ่นและเกาหลีใต้ได้อย่างรวดเร็ว</span></p><div class=\"code-block code-block-1\" style=\"margin: 8px auto; padding: 0px; border: 0px; vertical-align: baseline; text-align: center; clear: both;\"></div><p style=\"margin-bottom: 20px; padding: 0px; border: 0px; vertical-align: baseline; line-height: 1.55;\"><span style=\"font-family: Prompt;\">ทั้งนี้ Samsung และ LG ถือเป็นสองซัพพลายเออร์ที่ผลิตจอ OLED สำหรับ iPhone X อยู่ในขณะ<br>นี้</span></p></div></div></div></div>', '1');

-- --------------------------------------------------------

--
-- Table structure for table `position`
--

CREATE TABLE `position` (
  `positionId` int(11) NOT NULL,
  `positionName` varchar(50) NOT NULL,
  `positionStatus` int(11) NOT NULL DEFAULT '1'
) ENGINE=InnoDB DEFAULT CHARSET=utf8;

--
-- Dumping data for table `position`
--

INSERT INTO `position` (`positionId`, `positionName`, `positionStatus`) VALUES
(1, 'Developer - นักพัฒนาระบบ', 1),
(2, 'Accounting - บัญชี', 1),
(3, 'Salesman - พนักงานขาย', 1),
(4, 'IT Support - ผู้ดูแลระบบ', 1),
(7, 'Admin - แอดมิน', 1),
(8, 'Manager - ผู้จัดการ', 1);

-- --------------------------------------------------------

--
-- Table structure for table `product`
--

CREATE TABLE `product` (
  `productId` int(11) NOT NULL,
  `productName` varchar(255) NOT NULL,
  `productSubdetail` varchar(255) NOT NULL,
  `productPrice` int(11) NOT NULL,
  `productDetail` longtext NOT NULL,
  `productImg` varchar(50) NOT NULL DEFAULT 'noImg.png',
  `productGroupid` int(11) NOT NULL,
  `productCateid` int(11) NOT NULL,
  `productBrandid` int(11) NOT NULL,
  `productStatus` int(11) NOT NULL DEFAULT '1',
  `productFav` int(11) NOT NULL DEFAULT '2'
) ENGINE=InnoDB DEFAULT CHARSET=utf8;

--
-- Dumping data for table `product`
--

INSERT INTO `product` (`productId`, `productName`, `productSubdetail`, `productPrice`, `productDetail`, `productImg`, `productGroupid`, `productCateid`, `productBrandid`, `productStatus`, `productFav`) VALUES
(7, '55SL5PE-H', 'Brightness : 450 cd/m² (Max.) Bezel : 11.9 mm (T/L/R), 18.0 mm (B) Depth : 54 mm Interface : HDMI(2)/ DVI-D/ RGB/ USB/ RJ45/ RS232C/ Audio/ IR Built-in Speaker(10W+10W) Haze 28%, OPS Power Built-in, EMC Class ', 50000, '<p style=\"font-family: \"LG Smart\", Tahoma, Arial, sans-serif; position: relative; display: block; margin: 0px; padding-left: 12px; border: 0px; line-height: 1.36em; float: none; clear: both; word-wrap: break-word; word-break: break-word;\"></p><h4 style=\"font-size: 17.5px; margin-top: 10px; margin-bottom: 10px; font-weight: bold; line-height: 20px; color: rgb(51, 51, 51); text-rendering: optimizeLegibility; text-align: justify;\">Product Information</h4><div><br></div><table class=\"table table-bordered\"><tbody><tr><td><p><b>Panel</b></p></td><td><br></td></tr><tr><td>Screen Size</td><td>55\"<br></td></tr><tr><td>Native Resolution<br></td><td>1,920 x 1,080 (FHD)<br></td></tr><tr><td>Brightness (Typ., cd/m²)<br></td><td>427<br></td></tr><tr><td>Brightness (Max., cd/m²)<br></td><td>450</td></tr><tr><td>Surface Treatment (Typ.)<br></td><td>Haze 28%<br></td></tr><tr><td><b>Connectivity</b></td><td><br></td></tr><tr><td>Input<br></td><td>HDMI (2), DVI-D, RGB, Audio, USB<br></td></tr><tr><td>Output<br></td><td>Audio (Off/Fixed/Variable)<br></td></tr><tr><td>External Control<br></td><td>RS232C in/out, RJ45 in, IR in<br></td></tr></tbody></table><div><br></div><ul style=\"font-family: \"LG Smart\", Tahoma, Arial, sans-serif; list-style: none; margin-right: 0px; margin-bottom: 0px; margin-left: 0px; padding: 0px; color: rgb(51, 51, 51); font-size: 16px;\"></ul>', '20180717053133.jpg', 2, 17, 1, 1, 1),
(8, '55SL5PE-SH', 'Brightness : 470 cd/m² (Max.) Bezel : 11.9 mm (T/L/R), 18.0 mm (B) Depth : 54 mm Interface : HDMI(2)/ DVI-D/ RGB/ USB/ RJ45/ RS232C/ Audio/ IR Built-in Speaker(10W+10W) Haze 28%, OPS Power Built-in, EMC Class \"B\"', 48000, '<p style=\"font-family: &quot;LG Smart&quot;, Tahoma, Arial, sans-serif; position: relative; display: block; margin: 0px; padding-left: 12px; border: 0px; line-height: 1.36em; float: none; clear: both; word-wrap: break-word; word-break: break-word;\"></p><h4 style=\"font-size: 17.5px; margin-top: 10px; margin-bottom: 10px; font-weight: bold; line-height: 20px; color: rgb(51, 51, 51); text-rendering: optimizeLegibility; text-align: justify;\">Product Information</h4><div><br></div><table class=\"table table-bordered\"><tbody><tr><td><p><b>Panel</b></p></td><td><br></td></tr><tr><td>Screen Size</td><td>55\"<br></td></tr><tr><td>Native Resolution<br></td><td>1,920 x 1,080 (FHD)<br></td></tr><tr><td>Brightness (Typ., cd/m²)<br></td><td>427<br></td></tr><tr><td>Brightness (Max., cd/m²)<br></td><td>450</td></tr><tr><td>Surface Treatment (Typ.)<br></td><td>Haze 28%<br></td></tr><tr><td><b>Connectivity</b></td><td><br></td></tr><tr><td>Input<br></td><td>HDMI (2), DVI-D, RGB, Audio, USB<br></td></tr><tr><td>Output<br></td><td>Audio (Off/Fixed/Variable)<br></td></tr><tr><td>External Control<br></td><td>RS232C in/out, RJ45 in, IR in<br></td></tr></tbody></table><div><br></div><ul style=\"font-family: &quot;LG Smart&quot;, Tahoma, Arial, sans-serif; list-style: none; margin-right: 0px; margin-bottom: 0px; margin-left: 0px; padding: 0px; color: rgb(51, 51, 51); font-size: 16px;\"></ul>', 'asdasdLG.jpg', 2, 17, 1, 1, 1),
(9, '55SL5PE-SM', 'Brightness : 480 cd/m² (Max.) Bezel : 11.9 mm (T/L/R), 18.0 mm (B) Depth : 54 mm Interface : HDMI(2)/ DVI-D/ RGB/ USB/ RJ45/ RS232C/ Audio/ IR Built-in Speaker(10W+10W) Haze 28%, OPS Power Built-in, EMC Class \"B\"', 35000, '<p style=\"font-family: &quot;LG Smart&quot;, Tahoma, Arial, sans-serif; position: relative; display: block; margin: 0px; padding-left: 12px; border: 0px; line-height: 1.36em; float: none; clear: both; word-wrap: break-word; word-break: break-word;\"></p><h4 style=\"font-size: 17.5px; margin-top: 10px; margin-bottom: 10px; font-weight: bold; line-height: 20px; color: rgb(51, 51, 51); text-rendering: optimizeLegibility; text-align: justify;\">Product Information</h4><div><br></div><table class=\"table table-bordered\"><tbody><tr><td><p><b>Panel</b></p></td><td><br></td></tr><tr><td>Screen Size</td><td>55\"<br></td></tr><tr><td>Native Resolution<br></td><td>1,920 x 1,080 (FHD)<br></td></tr><tr><td>Brightness (Typ., cd/m²)<br></td><td>427<br></td></tr><tr><td>Brightness (Max., cd/m²)<br></td><td>450</td></tr><tr><td>Surface Treatment (Typ.)<br></td><td>Haze 28%<br></td></tr><tr><td><b>Connectivity</b></td><td><br></td></tr><tr><td>Input<br></td><td>HDMI (2), DVI-D, RGB, Audio, USB<br></td></tr><tr><td>Output<br></td><td>Audio (Off/Fixed/Variable)<br></td></tr><tr><td>External Control<br></td><td>RS232C in/out, RJ45 in, IR in<br></td></tr></tbody></table><div><br></div><ul style=\"font-family: &quot;LG Smart&quot;, Tahoma, Arial, sans-serif; list-style: none; margin-right: 0px; margin-bottom: 0px; margin-left: 0px; padding: 0px; color: rgb(51, 51, 51); font-size: 16px;\"></ul>', 'download.jpg', 2, 17, 1, 1, 2),
(10, '55SL5PE-LG', 'Brightness : 500 cd/m² (Max.) Bezel : 11.9 mm (T/L/R), 18.0 mm (B) Depth : 54 mm Interface : HDMI(2)/ DVI-D/ RGB/ USB/ RJ45/ RS232C/ Audio/ IR Built-in Speaker(10W+10W) Haze 28%, OPS Power Built-in, EMC Class \"B\"', 75000, '<p style=\"font-family: &quot;LG Smart&quot;, Tahoma, Arial, sans-serif; position: relative; display: block; margin: 0px; padding-left: 12px; border: 0px; line-height: 1.36em; float: none; clear: both; word-wrap: break-word; word-break: break-word;\"></p><h4 style=\"font-size: 17.5px; margin-top: 10px; margin-bottom: 10px; font-weight: bold; line-height: 20px; color: rgb(51, 51, 51); text-rendering: optimizeLegibility; text-align: justify;\">Product Information</h4><div><br></div><table class=\"table table-bordered\"><tbody><tr><td><p><b>Panel</b></p></td><td><br></td></tr><tr><td>Screen Size</td><td>55\"<br></td></tr><tr><td>Native Resolution<br></td><td>1,920 x 1,080 (FHD)<br></td></tr><tr><td>Brightness (Typ., cd/m²)<br></td><td>427<br></td></tr><tr><td>Brightness (Max., cd/m²)<br></td><td>450</td></tr><tr><td>Surface Treatment (Typ.)<br></td><td>Haze 28%<br></td></tr><tr><td><b>Connectivity</b></td><td><br></td></tr><tr><td>Input<br></td><td>HDMI (2), DVI-D, RGB, Audio, USB<br></td></tr><tr><td>Output<br></td><td>Audio (Off/Fixed/Variable)<br></td></tr><tr><td>External Control<br></td><td>RS232C in/out, RJ45 in, IR in<br></td></tr></tbody></table><div><br></div><ul style=\"font-family: &quot;LG Smart&quot;, Tahoma, Arial, sans-serif; list-style: none; margin-right: 0px; margin-bottom: 0px; margin-left: 0px; padding: 0px; color: rgb(51, 51, 51); font-size: 16px;\"></ul>', '10034286-MÀN-HÌNH-VI-TÍNH-LG-24MP59G-P.jpg', 2, 17, 1, 1, 2);

-- --------------------------------------------------------

--
-- Table structure for table `productimage`
--

CREATE TABLE `productimage` (
  `proimageId` int(11) NOT NULL,
  `proimageName` varchar(50) NOT NULL,
  `proimageProductid` int(11) NOT NULL,
  `proimageStatus` int(11) NOT NULL DEFAULT '1'
) ENGINE=InnoDB DEFAULT CHARSET=utf8 ROW_FORMAT=COMPACT;

--
-- Dumping data for table `productimage`
--

INSERT INTO `productimage` (`proimageId`, `proimageName`, `proimageProductid`, `proimageStatus`) VALUES
(4, '201807170531330.jpg', 7, 1),
(5, '201807170531331.jpg', 7, 1),
(6, '201807170531332.jpg', 7, 1),
(7, '201807170531333.jpg', 7, 1),
(8, '201807170531334.jpg', 7, 1),
(9, '201807170531334.jpg', 8, 1),
(10, '201807170531330.jpg', 8, 1);

-- --------------------------------------------------------

--
-- Table structure for table `profile`
--

CREATE TABLE `profile` (
  `profileId` int(11) NOT NULL,
  `profileFname` varchar(50) NOT NULL,
  `profileLname` varchar(50) NOT NULL,
  `profileNickname` varchar(30) NOT NULL,
  `profileCitizenid` varchar(13) NOT NULL,
  `profileGender` varchar(50) NOT NULL,
  `profilePhone` varchar(10) NOT NULL,
  `profileEmail` varchar(50) NOT NULL,
  `profileImg` varchar(50) NOT NULL DEFAULT 'noImg.png',
  `profileAddress` varchar(500) NOT NULL,
  `profileStatus` int(11) NOT NULL DEFAULT '1'
) ENGINE=InnoDB DEFAULT CHARSET=utf8;

--
-- Dumping data for table `profile`
--

INSERT INTO `profile` (`profileId`, `profileFname`, `profileLname`, `profileNickname`, `profileCitizenid`, `profileGender`, `profilePhone`, `profileEmail`, `profileImg`, `profileAddress`, `profileStatus`) VALUES
(1, 'สมชาย', 'แสงสกุล', 'สมชาย', '1409909909009', 'หญิง', '0899998989', 'jay.bunapa@gmail.com', '20180702092238.jpg', '', 1),
(2, 'อดิพงษ์', 'ธรรมนวกุล', 'โต้ง', '1103701252880', 'ชาย', '0809073005', 'kaiixtongz@gmail.com', '20180702092152.jpg', 'สาย 3', 1);

-- --------------------------------------------------------

--
-- Table structure for table `setting`
--

CREATE TABLE `setting` (
  `configId` int(11) NOT NULL,
  `configName` varchar(50) NOT NULL,
  `configTextarea` longtext NOT NULL
) ENGINE=InnoDB DEFAULT CHARSET=utf8;

--
-- Dumping data for table `setting`
--

INSERT INTO `setting` (`configId`, `configName`, `configTextarea`) VALUES
(1, 'ทั่วไป', '<p>ทั่วไปนะจ๊ะ&nbsp; &nbsp;&nbsp;</p>'),
(2, 'บริการ', '<h2 style=\"color: rgb(46, 58, 84); font-family: DaysOne-Regular; font-size: 24px; margin-top: 0px; margin-bottom: 18px; line-height: 24px; text-transform: uppercase;\"><br></h2><h4 style=\"font-size: 17.5px; margin-top: 0px; margin-bottom: 18px; font-weight: bold; line-height: 24px; color: rgb(51, 51, 51); text-rendering: optimizeLegibility;\">การติดตั้งโปรเจคเตอร์ และ จอภาพโปรเจคเตอร์</h4><h2 style=\"color: rgb(46, 58, 84); font-family: DaysOne-Regular; font-size: 24px; margin-top: 0px; margin-bottom: 18px; line-height: 24px; text-transform: uppercase;\"><p style=\"font-family: Arial, Helvetica, sans-serif; margin-bottom: 0px; text-transform: none; line-height: 24px; color: rgb(99, 105, 116); padding: 0px 0px 24px;\"><span style=\"font-family: Prompt;\">- สำรวจพื้นที่ ที่ต้องการติดตั้งโปรเจคเตอร์ แต่ละที่จะมีลักษณะที่แตกต่างกัน ตามโครงสร้างของอาคาร</span><br><span style=\"font-family: Prompt;\">- ดูว่าเผนังภายใน และฝ้าเพดาน เป็นแบบไหน เพื่อเตรียมอุปกรณ์ และ วัสดุในการติดตั้ง</span><span style=\"font-family: Prompt;\">&nbsp;</span><br><span style=\"font-family: Prompt;\">- ดูระยะฉายของโปรเจคเตอร์แต่ละชนิดจะแตกต่างกัน</span><span style=\"font-family: Prompt;\">&nbsp;</span><br><span style=\"font-family: Prompt;\">- งานซ่อมและแก้ไขผนังภายใน และฝ้าเพดานเก่าจะทำยากว่าฝ้าผนังภายในที่สร้างใหม่ตั้งแต่ตอนแรก</span><br><span style=\"font-family: Prompt;\">- การเชื่อมต่อสายสัญญาณเข้ากับโปรเจคเตอร์</span><span style=\"font-family: Prompt;\">&nbsp;</span><br><span style=\"font-family: Prompt;\">- ราคาขึ้นอยู่ความยาวของสายและความยากง่ายในการติดตั้ง ขนาดจอ ชนิดจอ และ ประเภทจอ ชนิดและความระเอียดของโปรเจคเตอร์<br></span><span style=\"font-family: Prompt;\">&nbsp; ชนิดและความยาวของขาแขวนโปรเจคเตอร์</span></p><p style=\"font-family: Arial, Helvetica, sans-serif; margin-bottom: 0px; text-transform: none; line-height: 24px; color: rgb(99, 105, 116); padding: 0px 0px 24px;\"><br></p></h2><h4 style=\"font-size: 17.5px; margin-top: 0px; margin-bottom: 18px; font-weight: bold; line-height: 24px; color: rgb(51, 51, 51); text-rendering: optimizeLegibility;\">บริการซ่อมโปรเจคเตอร์</h4><h2 style=\"color: rgb(46, 58, 84); font-family: DaysOne-Regular; font-size: 24px; margin-top: 0px; margin-bottom: 18px; line-height: 24px; text-transform: uppercase;\"><p style=\"margin-bottom: 0px; color: rgb(51, 51, 51); text-transform: none; line-height: 24px; padding: 10px;\">เราเป็นศูนย์รวมซ่อมเครื่องโปรเจคเตอร์ทุกรุ่นทุกระบบ ” โดยช่างที่มีความรู้ ความชำนาญ ในราคาที่เป็นมาตรฐาน&nbsp;<br>และพร้อมรับประกันความพึงพอใจในบริการ หากโปรเจคเตอร์ของท่านมีปัญหา&nbsp;<br>หรือต้องการปรึกษา โปรดติดต่อเรา</p><p style=\"font-family: Arial, Helvetica, sans-serif; margin-bottom: 0px; text-transform: none; color: rgb(99, 105, 116); line-height: 24px; padding: 0px 0px 24px;\"><img src=\"http://projector7.com/images/projector-repair.jpg\" class=\"\" style=\"height: auto; max-width: 100%; float: none;\"></p><p style=\"margin-bottom: 0px; color: rgb(51, 51, 51); text-transform: none; line-height: 24px; padding: 0px 0px 24px;\"><span style=\"font-family: Arial, Helvetica, sans-serif; color: rgb(99, 105, 116);\"><b style=\"color: rgb(255, 0, 0);\">ปัญหาของหลอดไฟ</b>&nbsp;</span>โดยทั่วไป หลอดไฟของโปรเจคเตอร์มีอยู่ 2 ประเภทใหญ่ๆ คือ แบบ Metal Halide และ UHP&nbsp;<br>(Ultra-High Performance) โดยแบบ Metal Halide นั้นจะเป็นเทคโนโลยีเก่าที่ถูกใช้มานานแล้ว&nbsp;<br>ทำให้คุณภาพของภาพที่ได้ออกมาได้ไม่ดีเท่าที่ควร เพราะเมื่อใช้งานไปนานจะสูญเสียความสวางลงไปอีก&nbsp;<br>ทั้งยังเกิดความผิดเพี้ยนของสีของภาพอีกด้วย ในขณะที่เทคโนโลยี UHP&nbsp;<br>นั้นจะยังคงรักษาประสิทธิภาพเอาไว้ตลอดอายุการใช้งาน เนื่องจากประสิทธิภาพของหลอดไฟประเภท UHP สูงกว่า Metal<br>Halide ดังนั้น ราคาของหลอด UHP ก็ย่อมสูงกว่าด้วย ....&nbsp;</p><p style=\"margin-bottom: 0px; color: rgb(51, 51, 51); text-transform: none; line-height: 24px; padding: 0px 0px 24px;\">ในการถอดเปลี่ยนหลอดไฟของเครื่องโปรเจคเตอร์นั้น จำเป็นต้องให้ช่างผู้มีความชำนาญเท่านั้นเป็นผู้เปลี่ยน&nbsp;<br>เนื่องจากราคาของหลอดไฟค่อนข้างสูง บางรุ่นอาจราคาเท่ากับตัวเครื่องเลยก็ว่าได้...&nbsp;<br></p><p style=\"margin-bottom: 0px; color: rgb(51, 51, 51); text-transform: none; line-height: 24px; padding: 0px 0px 24px;\"><span style=\"font-family: Arial, Helvetica, sans-serif; color: rgb(99, 105, 116);\"><b style=\"color: rgb(255, 0, 0);\">การดูแลรักษาและข้อควรระวังในการใช้งาน</b>&nbsp;</span>เครื่องโปรเจคเตอร์เมื่อใช้งานไปนานๆ หลอดจะมีความร้อนสูง&nbsp;<br>เนื่องจากการฉายภาพ&nbsp;<br>จึงจำเป็นต้องมีชุดพัดลมระบายความร้อนเพื่อช่วยลดความร้อนในตัวหลอด&nbsp;<br>ซึ่งจะต้องใช้เวลาพอสมควรเพื่อให้อุณหภูมิของหลอดลดลง ด้วยเหตุนี้ ก่อนการปิดเครื่อง&nbsp;<br>จำเป็นต้องรอให้พัดลมระบายความร้อนหยุดก่อน โดยปิดสวิตซ์ให้หลอดไฟดับก่อน จนมีสัญญาณให้ปิดสวิตซ์ตัวเครื่อง&nbsp;<br>ถ้าปิดเครื่องโดยไม่รอสัญญาณ อาจทำให้หลอดไฟขาด เนื่องจากการปิดสวิตซ์หลอดไฟนั้น&nbsp;<br>พัดลมยังคงทำงานต่อเนื่องเพื่อเป่าลมให้หลอดไฟเย็นลง (ลดอุณหภูมิ) แต่ถ้าปิดไฟทันที&nbsp;<br>หลอดไฟยังคงร้อนอยู่ อาจทำให้หลอดไฟขาดได้ ควรทำความสะอาด Filter กรองอากาศอย่างน้อยทุกๆ 3 เดือน&nbsp;<br>เพื่อป้องกันเครื่องร้อน ซึ่งอาจทำให้ Power Supply เสียหายและหลอดไฟขาดได้&nbsp;<br>ใช้แหล่งจ่ายไฟที่ต่อพ่วงอุปกรณ์ป้องกันไฟ กระชาก (UPS)&nbsp;<br></p><div style=\"color: rgb(51, 51, 51); text-transform: none;\"><span style=\"color: rgb(255, 0, 0);\">เพราะเมื่อเกิดกระแสไฟกระชาก จะทำให้ Power Supply เสียหายและหลอดไฟขาดได้</span></div><div style=\"color: rgb(51, 51, 51); text-transform: none;\"><span style=\"color: rgb(255, 0, 0);\"><br></span></div><div style=\"color: rgb(51, 51, 51); text-transform: none;\"><span style=\"color: rgb(255, 0, 0);\"><br></span></div><div style=\"color: rgb(51, 51, 51); text-transform: none;\"><table width=\"956\" border=\"0\" style=\"font-family: Arial, Helvetica, sans-serif; font-size: medium; max-width: 100%; background-color: rgb(255, 255, 255);\"></table></div></h2><h2 style=\"font-family: DaysOne-Regular; font-size: 24px; margin-top: 0px; margin-bottom: 18px; font-weight: bold; line-height: 24px; color: rgb(46, 58, 84); text-rendering: optimizeLegibility; text-transform: uppercase;\"><br></h2><h2 style=\"color: rgb(46, 58, 84); font-family: DaysOne-Regular; font-size: 24px; margin-top: 0px; margin-bottom: 18px; line-height: 24px; text-transform: uppercase;\"><div style=\"color: rgb(51, 51, 51); text-transform: none;\"><table width=\"956\" border=\"0\" style=\"font-family: Arial, Helvetica, sans-serif; font-size: medium; max-width: 100%; background-color: rgb(255, 255, 255);\"></table></div></h2><h4 style=\"font-size: 17.5px; margin-top: 0px; margin-bottom: 18px; font-weight: bold; line-height: 24px; text-rendering: optimizeLegibility;\">ให้เช่าโปรเจคเตอร์</h4><h2 style=\"color: rgb(46, 58, 84); font-family: DaysOne-Regular; font-size: 24px; margin-top: 0px; margin-bottom: 18px; line-height: 24px; text-transform: uppercase;\"><div style=\"color: rgb(51, 51, 51); text-transform: none;\"><table width=\"956\" border=\"0\" style=\"font-family: Arial, Helvetica, sans-serif; font-size: medium; max-width: 100%; background-color: rgb(255, 255, 255);\"><tbody><tr valign=\"top\"><td width=\"700\" style=\"margin-right: 50px;\"><p style=\"margin-bottom: 0px; color: rgb(99, 105, 116); line-height: 24px; padding: 0px 0px 24px;\"><img src=\"http://projector7.com/images/rent-projector.jpg\" width=\"380\" height=\"243\" style=\"height: auto; max-width: 100%;\"></p><p style=\"margin-bottom: 0px; color: rgb(99, 105, 116); line-height: 24px; padding: 0px 0px 24px;\"><b style=\"color: rgb(255, 0, 0);\">บริการให้เช่า Projectorในราคาถูก&nbsp;</b>บริการให้เช่าโปรเจคเตอร์, เช่า projector&nbsp;<br>พร้อมรับประกันคุณภาพและความพึงพอใจในบริการ ฟรี! ค่าบริการจัดส่ง และค่าติดตั้ง มีเครื่องฉาย Projector จอฉาย<br>จอรับภาพ พลาสม่า ราคาเป็นกันเอง ในงานเลี้ยง งานสัมนา. งานแต่งงาน แสดงสินค้า ฯลฯ&nbsp;</p></td></tr></tbody></table></div></h2><h4 style=\"font-size: 17.5px; margin-top: 0px; margin-bottom: 18px; font-weight: bold; line-height: 24px; text-rendering: optimizeLegibility;\"><br></h4><h2 style=\"color: rgb(46, 58, 84); font-family: DaysOne-Regular; font-size: 24px; margin-top: 0px; margin-bottom: 18px; line-height: 24px; text-transform: uppercase;\"><div style=\"color: rgb(51, 51, 51); text-transform: none;\"><table width=\"956\" border=\"0\" style=\"font-family: Arial, Helvetica, sans-serif; font-size: medium; max-width: 100%; background-color: rgb(255, 255, 255);\"></table></div></h2><h4 style=\"font-size: 17.5px; margin-top: 0px; margin-bottom: 18px; font-weight: bold; line-height: 24px; text-rendering: optimizeLegibility;\">ความละเอียดในการแสดงผล</h4><h2 style=\"color: rgb(46, 58, 84); font-family: DaysOne-Regular; font-size: 24px; margin-top: 0px; margin-bottom: 18px; line-height: 24px; text-transform: uppercase;\"><div style=\"color: rgb(51, 51, 51); text-transform: none;\"><table width=\"956\" border=\"0\" style=\"font-family: Arial, Helvetica, sans-serif; font-size: medium; max-width: 100%; background-color: rgb(255, 255, 255);\"><tbody><tr valign=\"top\"><td width=\"700\" style=\"margin-right: 50px;\"><p style=\"margin-bottom: 0px; line-height: 24px; padding: 0px 0px 24px;\">ตัวโปรเจคเตอร์รุ่นต่างๆก็จะมีคุณภาพที่แตกต่างกันไปเนื่องจากตัวโปรเจคเตอร์จะมีวิธีการสร้างภาพที่ต่างกัน \"พิกเซล\" ซึ่งนั่นก็หมายความว่าความคมชัดหรือความละเอียดของภาพนี้ก็ขึ้นอยู่กับการสร้างจำนวนจุดสี ความละเอียดของโปรเจคเตอร์นี้จะมีการแสดงค่าเป็นตัวเลข 2 จำนวนเช่น 800 x 600 พิกเซลโดยตัวเลขแรก ส่วนตัวเลขที่สองหมายถึง ตัวเลขทั้ง 2<br><br>480 x 640 พิกเซล	VGA (Video Graphics Array ที่)&nbsp;<br>800 x 600 พิกเซล	SVGA (Super Video กราฟฟิกตกแต่ง)&nbsp;<br>1024 x 768 พิกเซล	XGA (Xetended กราฟิกอะแดปเตอร์)&nbsp;<br>1280 x 1024 พิกเซล	SXGA (อาร์เรย์ซุปเปอร์ขยาย Graphics)&nbsp;<br>1600 x 1200 พิกเซล	UXGA (Ultra กราฟฟิกตกแต่งยาว)&nbsp;<br>2048 x 1536 พิกเซล	QXGA (อาร์เรย์ Quad ขยาย Graphics)&nbsp;</p></td></tr></tbody></table></div><p style=\"color: rgb(51, 51, 51); text-transform: none;\"></p><p style=\"font-family: Arial, Helvetica, sans-serif; margin-bottom: 0px; text-transform: none; line-height: 24px; color: rgb(99, 105, 116); padding: 0px 0px 24px;\"><br></p></h2><h4 style=\"font-size: 17.5px; margin-top: 0px; margin-bottom: 18px; font-weight: bold; line-height: 24px; color: rgb(51, 51, 51); text-rendering: optimizeLegibility;\">เทิร์นโปรเจคเตอร์</h4><h2 style=\"color: rgb(46, 58, 84); font-family: DaysOne-Regular; font-size: 24px; margin-top: 0px; margin-bottom: 18px; line-height: 24px; text-transform: uppercase;\"><p style=\"margin-bottom: 0px; text-transform: none; line-height: 24px; color: rgb(99, 105, 116); padding: 0px 0px 24px;\">เทิร์นโปรเจคเตอร์ ทุกรุ่นทุกยี่ห้อให้ราคาสูง</p><p style=\"margin-bottom: 0px; text-transform: none; line-height: 24px; color: rgb(99, 105, 116); padding: 0px 0px 24px;\"><img src=\"http://projector7.com/images/PK301-projector.jpg\" width=\"358\" height=\"238\" align=\"middle\" alt=\"เทิร์นโปรเจคเตอร์ \" style=\"height: auto; max-width: 100%;\"></p><p style=\"margin-bottom: 0px; text-transform: none; line-height: 24px; color: rgb(99, 105, 116); padding: 0px 0px 24px;\"><br></p></h2><h4 style=\"font-size: 17.5px; margin-top: 0px; margin-bottom: 18px; font-weight: bold; line-height: 24px; color: rgb(51, 51, 51); text-rendering: optimizeLegibility;\">ผลงานของบริษัท</h4><h2 style=\"color: rgb(46, 58, 84); font-family: DaysOne-Regular; font-size: 24px; margin-top: 0px; margin-bottom: 18px; line-height: 24px; text-transform: uppercase;\"><table width=\"100%\" border=\"0\" bgcolor=\"#e7e7e7\" style=\"font-family: Arial, Helvetica, sans-serif; font-size: medium; max-width: 100%; background-color: rgb(255, 255, 255); color: rgb(51, 51, 51); text-transform: none;\"><tbody><tr><td width=\"200\"><br><center><img src=\"http://projector7.com/images/TCC.gif\" width=\"114\" height=\"130\" border=\"0\" style=\"height: auto; max-width: 100%;\"><p style=\"margin-bottom: 0px; line-height: 24px; color: rgb(99, 105, 116); padding: 0px 0px 24px;\"><span style=\"font-family: Prompt;\">เทพผดุงพรมะพร้าวจำกัด</span></p></center></td><td width=\"200\"><br><center><img src=\"http://projector7.com/images/hitachi.gif\" width=\"114\" height=\"130\" border=\"0\" style=\"height: auto; max-width: 100%;\"><p style=\"margin-bottom: 0px; line-height: 24px; color: rgb(99, 105, 116); padding: 0px 0px 24px;\"><span style=\"font-family: Prompt;\">ฮิตาชิในประเทศไทย</span></p></center></td><td width=\"200\"><br><center><img src=\"http://projector7.com/images/westernunion.jpg\" width=\"114\" height=\"130\" border=\"0\" style=\"height: auto; max-width: 100%;\"><p style=\"margin-bottom: 0px; line-height: 24px; color: rgb(99, 105, 116); padding: 0px 0px 24px;\"><span style=\"font-family: Prompt;\">เวสเทิร์น ยูเนี่ยน</span></p></center></td><td width=\"200\"><br><center><img src=\"http://projector7.com/images/cu.jpg\" width=\"114\" height=\"130\" border=\"0\" style=\"height: auto; max-width: 100%;\"><p style=\"margin-bottom: 0px; line-height: 24px; color: rgb(99, 105, 116); padding: 0px 0px 24px;\"><span style=\"font-family: Prompt;\">จุฬาลงกรณ์มหาวิทยาลัย</span></p></center></td></tr><tr><td width=\"200\"><br><center><img src=\"http://projector7.com/images/isb.jpg\" width=\"114\" height=\"130\" border=\"0\" style=\"height: auto; max-width: 100%;\"><p style=\"margin-bottom: 0px; line-height: 24px; color: rgb(99, 105, 116); padding: 0px 0px 24px;\"><span style=\"font-family: Prompt;\">โรงเรียน นานาชาติ isb นนทบุรี</span></p></center></td></tr></tbody></table><table width=\"100%\" border=\"0\" bgcolor=\"#e7e7e7\" style=\"font-family: Arial, Helvetica, sans-serif; font-size: medium;\"><tbody><tr><td width=\"200\"></td><td width=\"200\"></td><td width=\"200\"></td><td width=\"200\"></td></tr><tr><td width=\"200\" style=\"background-color: transparent; color: rgb(0, 0, 0);\"></td></tr></tbody></table></h2>'),
(3, 'วิธีการชำระเงิน', '<h4 style=\"text-align: center; line-height: 24px; margin-bottom: 0px; padding: 0px 0px 24px;\">สามารถเลือกการชำระเงินโดยการจ่ายเงินสดที่บริษัทฯ หรือ โอนผ่านธนาคารดังต่อไปนี้</h4><table class=\"table table-bordered\" style=\"text-align: center;\"><tbody><tr><td style=\"text-align: center;\"><b><u>ชื่อบัญชี</u></b></td><td style=\"text-align: center;\"><b><u>ธนาคาร</u></b></td><td style=\"text-align: center;\"><b><u>สาขา</u></b></td><td style=\"text-align: center;\"><b><u>ประเภทบัญชี</u></b></td><td style=\"text-align: center;\"><b><u>เลขที่บัญชี</u></b></td></tr><tr><td>บจก.นิวซีโน่(ประเทศไทย)<br></td><td>กสิกรไทย</td><td>ปิ่นเกล้า<br></td><td>ออมทรัพย์<br></td><td>706-2-41388-8<br></td></tr><tr><td>บจก.นิวซีโน่(ประเทศไทย)<br></td><td><font color=\"#636974\">กรุงเทพ</font></td><td>เดอะเซอร์เคิล<br></td><td>กระแสรายวัน<br></td><td>089-3-50042-1<br></td></tr><tr><td>บจก.นิวซีโน่(ประเทศไทย)<br></td><td>ไทยพาณิชย์<br></td><td>บางโคล่<br></td><td>กระแสรายวัน<br></td><td>095-2-61727-0<br></td></tr><tr><td>บจก.นิวซีโน่(ประเทศไทย)<br></td><td>กสิกรไทย<br></td><td>เซ็นทรัลปิ่นเกล้า<br></td><td>ออมทรัพย์<br></td><td>758-2-66069-1<br></td></tr></tbody></table><div style=\"text-align: center;\"><span class=\"style3\" style=\"color: rgb(255, 0, 0);\"><br>หมายเหตุ </span><span style=\"font-family: Arial, Helvetica, sans-serif;\">: </span><span class=\"style4\" style=\"color: rgb(0, 0, 0);\">โปรดแจ้งการโอนเงินได้ที่ บริษัท นิวซีโน่ (ประเทศไทย) จำกัด และ โปรดเก็บหลักฐานการโอนเงินจนกว่าจะได้รับสินค้า </span></div><div style=\"text-align: center;\"><span style=\"font-family: Prompt;\">Tel : 086-395-0677 Fax : 02-423-3536 Email : newzeno@yahoo.com</span></div><p></p>'),
(4, 'ติดต่อเรา', '<h3 style=\"text-align: center; \">บริษัท นิวซีโน่ (ประเทศไทย) จำกัด</h3><h4 style=\"text-align: center; margin-left: 25px;\"><span style=\"font-family: Prompt;\">ที่อยู่ : 1/4 ถนนสมเด็จพระปิ่นเกล้า แขวงบางยี่ขัน เขตบางพลัด กทม. 10700&nbsp; &nbsp; &nbsp;<br></span><span style=\"font-family: Prompt;\">โทร : 02-497-0500&nbsp; แฟ็กซ์ : 02-497-0501&nbsp; &nbsp; &nbsp;<br></span><span style=\"font-family: Prompt;\">E-mail : newzeno@yahoo.com</span></h4><p><br></p><p style=\"text-align: center; \">&nbsp; &nbsp; <iframe src=\"https://www.google.com/maps/embed?pb=!1m18!1m12!1m3!1d968.7756733766039!2d100.48185480000001!3d13.772680200000003!2m3!1f0!2f0!3f0!3m2!1i1024!2i768!4f13.1!3m3!1m2!1s0x30e29982eae9c61b%3A0x844eb9b22bb7bced!2z4Lia4Lij4Li04Lip4Lix4LiXIOC4meC4tOC4p-C4i-C4teC5guC4meC5iCAo4Lib4Lij4Liw4LmA4LiX4Lio4LmE4LiX4LiiKSDguIjguLPguIHguLHguJQ!5e0!3m2!1sth!2sth!4v1530783869278\" width=\"600\" height=\"400\" frameborder=\"0\" style=\"border:0\" allowfullscreen=\"\"></iframe></p><p style=\"text-align: center; \"><br></p><p style=\"text-align: center; \"></p><h5><br></h5><p></p><div><br></div>');

-- --------------------------------------------------------

--
-- Table structure for table `sortby`
--

CREATE TABLE `sortby` (
  `sortbyId` int(11) NOT NULL,
  `sortbyCateid` int(11) NOT NULL,
  `sortbyBrandid` int(11) NOT NULL
) ENGINE=InnoDB DEFAULT CHARSET=utf8;

--
-- Dumping data for table `sortby`
--

INSERT INTO `sortby` (`sortbyId`, `sortbyCateid`, `sortbyBrandid`) VALUES
(12, 1, 4),
(13, 1, 3),
(14, 2, 2),
(16, 4, 4),
(17, 4, 3),
(18, 4, 2),
(19, 4, 1);

--
-- Indexes for dumped tables
--

--
-- Indexes for table `admin`
--
ALTER TABLE `admin`
  ADD PRIMARY KEY (`adminId`);

--
-- Indexes for table `agent`
--
ALTER TABLE `agent`
  ADD PRIMARY KEY (`agentId`);

--
-- Indexes for table `brand`
--
ALTER TABLE `brand`
  ADD PRIMARY KEY (`brandId`);

--
-- Indexes for table `category`
--
ALTER TABLE `category`
  ADD PRIMARY KEY (`cateId`);

--
-- Indexes for table `categroup`
--
ALTER TABLE `categroup`
  ADD PRIMARY KEY (`categroupId`);

--
-- Indexes for table `config`
--
ALTER TABLE `config`
  ADD PRIMARY KEY (`configId`);

--
-- Indexes for table `doc`
--
ALTER TABLE `doc`
  ADD PRIMARY KEY (`docId`);

--
-- Indexes for table `document`
--
ALTER TABLE `document`
  ADD PRIMARY KEY (`documentId`);

--
-- Indexes for table `news`
--
ALTER TABLE `news`
  ADD PRIMARY KEY (`newsId`);

--
-- Indexes for table `position`
--
ALTER TABLE `position`
  ADD PRIMARY KEY (`positionId`);

--
-- Indexes for table `product`
--
ALTER TABLE `product`
  ADD PRIMARY KEY (`productId`);

--
-- Indexes for table `productimage`
--
ALTER TABLE `productimage`
  ADD PRIMARY KEY (`proimageId`);

--
-- Indexes for table `profile`
--
ALTER TABLE `profile`
  ADD PRIMARY KEY (`profileId`);

--
-- Indexes for table `setting`
--
ALTER TABLE `setting`
  ADD PRIMARY KEY (`configId`);

--
-- Indexes for table `sortby`
--
ALTER TABLE `sortby`
  ADD PRIMARY KEY (`sortbyId`);

--
-- AUTO_INCREMENT for dumped tables
--

--
-- AUTO_INCREMENT for table `admin`
--
ALTER TABLE `admin`
  MODIFY `adminId` int(11) NOT NULL AUTO_INCREMENT, AUTO_INCREMENT=4;
--
-- AUTO_INCREMENT for table `agent`
--
ALTER TABLE `agent`
  MODIFY `agentId` int(11) NOT NULL AUTO_INCREMENT, AUTO_INCREMENT=3;
--
-- AUTO_INCREMENT for table `brand`
--
ALTER TABLE `brand`
  MODIFY `brandId` int(11) NOT NULL AUTO_INCREMENT, AUTO_INCREMENT=5;
--
-- AUTO_INCREMENT for table `category`
--
ALTER TABLE `category`
  MODIFY `cateId` int(11) NOT NULL AUTO_INCREMENT, AUTO_INCREMENT=43;
--
-- AUTO_INCREMENT for table `categroup`
--
ALTER TABLE `categroup`
  MODIFY `categroupId` int(11) NOT NULL AUTO_INCREMENT, AUTO_INCREMENT=12;
--
-- AUTO_INCREMENT for table `config`
--
ALTER TABLE `config`
  MODIFY `configId` int(11) NOT NULL AUTO_INCREMENT, AUTO_INCREMENT=5;
--
-- AUTO_INCREMENT for table `doc`
--
ALTER TABLE `doc`
  MODIFY `docId` int(11) NOT NULL AUTO_INCREMENT, AUTO_INCREMENT=5;
--
-- AUTO_INCREMENT for table `document`
--
ALTER TABLE `document`
  MODIFY `documentId` int(11) NOT NULL AUTO_INCREMENT;
--
-- AUTO_INCREMENT for table `news`
--
ALTER TABLE `news`
  MODIFY `newsId` int(11) NOT NULL AUTO_INCREMENT, AUTO_INCREMENT=4;
--
-- AUTO_INCREMENT for table `position`
--
ALTER TABLE `position`
  MODIFY `positionId` int(11) NOT NULL AUTO_INCREMENT, AUTO_INCREMENT=9;
--
-- AUTO_INCREMENT for table `product`
--
ALTER TABLE `product`
  MODIFY `productId` int(11) NOT NULL AUTO_INCREMENT, AUTO_INCREMENT=11;
--
-- AUTO_INCREMENT for table `productimage`
--
ALTER TABLE `productimage`
  MODIFY `proimageId` int(11) NOT NULL AUTO_INCREMENT, AUTO_INCREMENT=28;
--
-- AUTO_INCREMENT for table `profile`
--
ALTER TABLE `profile`
  MODIFY `profileId` int(11) NOT NULL AUTO_INCREMENT, AUTO_INCREMENT=3;
--
-- AUTO_INCREMENT for table `setting`
--
ALTER TABLE `setting`
  MODIFY `configId` int(11) NOT NULL AUTO_INCREMENT, AUTO_INCREMENT=5;
--
-- AUTO_INCREMENT for table `sortby`
--
ALTER TABLE `sortby`
  MODIFY `sortbyId` int(11) NOT NULL AUTO_INCREMENT, AUTO_INCREMENT=20;
/*!40101 SET CHARACTER_SET_CLIENT=@OLD_CHARACTER_SET_CLIENT */;
/*!40101 SET CHARACTER_SET_RESULTS=@OLD_CHARACTER_SET_RESULTS */;
/*!40101 SET COLLATION_CONNECTION=@OLD_COLLATION_CONNECTION */;
